3.717424869537353516e-01,-2.462085485458374023e-01,7.532321847975254059e-03,-6.168628931045532227e-01,-8.278875350952148438e-01,2.335667461156845093e-01,6.078041195869445801e-01,6.103721857070922852e-01,-3.849444985389709473e-01,5.115794539451599121e-01
7.203614711761474609e-01,9.580491781234741211e-01,8.823276758193969727e-01,-8.431033492088317871e-01,-7.148401141166687012e-01,-5.897708535194396973e-01,1.740809679031372070e-01,5.638834834098815918e-01,-5.041302442550659180e-01,-9.084393978118896484e-01
3.726627826690673828e-01,9.416922330856323242e-01,8.212640285491943359e-01,-6.985903978347778320e-01,-5.205665826797485352e-01,-1.674307286739349365e-01,4.075253009796142578e-01,2.115179449319839478e-01,-2.918902933597564697e-01,-9.132838845252990723e-01
-7.292858958244323730e-01,2.246109843254089355e-01,2.996864318847656250e-01,-7.618510723114013672e-02,-9.043740034103393555e-01,-5.344046950340270996e-01,8.543753623962402344e-01,1.450425982475280762e-01,-4.362082779407501221e-01,5.926310420036315918e-01
5.795596837997436523e-01,6.948210000991821289e-01,4.032628834247589111e-01,-8.707638382911682129e-01,-8.315817713737487793e-01,-2.204873599112033844e-02,-6.935007572174072266e-01,6.137906908988952637e-01,-8.005278706550598145e-01,-8.839129805564880371e-01
-5.767653584480285645e-01,6.729707121849060059e-01,-4.135240335017442703e-03,5.527567267417907715e-01,7.783381342887878418e-01,4.670345485210418701e-01,-7.111758589744567871e-01,-7.058019042015075684e-01,1.854966729879379272e-01,-4.682396948337554932e-01
-9.699761867523193359e-01,-9.802818298339843750e-01,-9.137177467346191406e-01,9.449111819267272949e-01,3.392546772956848145e-01,3.241961300373077393e-01,6.995169520378112793e-01,-8.505151271820068359e-01,6.154021024703979492e-01,7.578855752944946289e-01
-1.928599923849105835e-02,8.418301492929458618e-02,5.356054306030273438e-01,-2.975501120090484619e-01,-8.710988163948059082e-01,-6.609973311424255371e-01,9.003355503082275391e-01,7.108356952667236328e-01,-8.676921576261520386e-02,8.040136098861694336e-02
7.039608359336853027e-01,7.419457435607910156e-01,9.315690994262695312e-01,-5.211544632911682129e-01,1.515847537666559219e-02,-4.483969211578369141e-01,5.198203325271606445e-01,5.536350607872009277e-01,-5.115004256367683411e-02,-5.195986032485961914e-01
-4.543875157833099365e-01,5.134540796279907227e-01,9.568940401077270508e-01,-5.382594093680381775e-02,-4.858753681182861328e-01,-6.831583380699157715e-01,9.073828458786010742e-01,2.520559728145599365e-01,-9.243115782737731934e-04,-7.530579566955566406e-01
-6.336473822593688965e-01,-4.955235123634338379e-01,8.219482302665710449e-01,-1.912866085767745972e-01,-7.535721063613891602e-01,2.505425512790679932e-01,9.428525567054748535e-01,5.124160647392272949e-01,-4.269939959049224854e-01,5.384196639060974121e-01
-6.021346449851989746e-01,8.742974400520324707e-01,8.289625048637390137e-01,1.405570954084396362e-01,-6.828911304473876953e-01,-6.425905227661132812e-01,6.662183403968811035e-01,5.102045536041259766e-01,-2.327078580856323242e-01,4.681167304515838623e-01
-4.445240497589111328e-01,9.315136075019836426e-01,9.503539800643920898e-01,4.825584590435028076e-01,5.788137912750244141e-01,1.584263145923614502e-01,8.034949898719787598e-01,1.852687075734138489e-02,5.517162680625915527e-01,-3.396890759468078613e-01
8.724918961524963379e-01,-2.203495055437088013e-01,-7.286421209573745728e-02,-4.694595932960510254e-01,4.068474769592285156e-01,-2.060668617486953735e-01,9.692835807800292969e-01,-7.526383996009826660e-01,7.866962552070617676e-01,-6.865977048873901367e-01
-5.411914587020874023e-01,-8.244165778160095215e-01,3.892514109611511230e-01,3.304923176765441895e-01,3.995882570743560791e-01,3.945692181587219238e-01,9.636211395263671875e-01,-7.608450055122375488e-01,5.596035122871398926e-01,-3.167960941791534424e-01
-5.187349766492843628e-02,-1.634877175092697144e-01,6.212580800056457520e-01,2.297669351100921631e-01,7.092091441154479980e-01,1.694163680076599121e-01,8.619382381439208984e-01,-7.123741507530212402e-01,5.812326073646545410e-01,-7.579783201217651367e-01
-1.662329286336898804e-01,7.395266294479370117e-01,9.204781651496887207e-01,-6.628500819206237793e-01,-3.376012146472930908e-01,2.743664681911468506e-01,-3.121635913848876953e-01,1.109169051051139832e-01,-7.320387959480285645e-01,-6.481393575668334961e-01
6.217437982559204102e-01,-4.714191257953643799e-01,-1.063683256506919861e-01,3.362655937671661377e-01,8.928046822547912598e-01,-7.349979877471923828e-02,8.150012493133544922e-01,-7.336266636848449707e-01,6.894913911819458008e-01,6.875188350677490234e-01
-7.584840059280395508e-01,-9.329168796539306641e-01,-7.871654629707336426e-01,6.989344358444213867e-01,5.969157218933105469e-01,7.112604379653930664e-01,1.458441652357578278e-02,-4.107508361339569092e-01,3.454190790653228760e-01,8.241845667362213135e-02
-2.639842033386230469e-01,-6.925271153450012207e-01,4.248191416263580322e-01,3.090294301509857178e-01,4.454061388969421387e-01,-4.804855883121490479e-01,1.534376293420791626e-01,-3.582908511161804199e-01,-4.415784403681755066e-02,-1.969456374645233154e-01
8.531847596168518066e-01,8.253678679466247559e-01,4.747411906719207764e-01,-8.128222823143005371e-01,-4.637676179409027100e-01,-6.531544327735900879e-01,2.524884939193725586e-01,-1.498094648122787476e-01,-3.240327537059783936e-01,-7.766778469085693359e-01
8.529803156852722168e-01,-3.450760841369628906e-01,3.718745708465576172e-01,-8.483691215515136719e-01,-5.788920521736145020e-01,-5.920898914337158203e-01,4.835139811038970947e-01,1.586754769086837769e-01,-5.245718955993652344e-01,-2.712241411209106445e-01
-4.146191775798797607e-01,-1.413048505783081055e-01,-8.125229477882385254e-01,1.924325674772262573e-01,-1.703030616044998169e-02,5.540337562561035156e-01,-6.400148272514343262e-01,-5.418478846549987793e-01,-1.233621686697006226e-02,-4.167410731315612793e-01
3.636042475700378418e-01,-5.594445466995239258e-01,4.383601546287536621e-01,-4.717749655246734619e-01,2.507286071777343750e-01,-6.877176761627197266e-01,5.970712900161743164e-01,-9.303138852119445801e-01,-5.461826920509338379e-01,8.700955510139465332e-01
-7.085890043526887894e-03,-9.413882493972778320e-01,-8.971114158630371094e-01,-2.139467447996139526e-01,1.238544434309005737e-01,1.747156865894794464e-02,3.541139662265777588e-01,-9.506362676620483398e-01,-3.669284284114837646e-01,8.850941061973571777e-01
1.200686469674110413e-01,9.560963511466979980e-01,9.287884235382080078e-01,-5.522361397743225098e-01,-6.859429478645324707e-01,-8.091589808464050293e-01,7.858143448829650879e-01,-1.291154474020004272e-01,-5.051423311233520508e-01,5.349470973014831543e-01
-8.033669590950012207e-01,-9.305722117424011230e-01,-3.556818068027496338e-01,7.274051904678344727e-01,7.567297220230102539e-01,2.915083765983581543e-01,-3.925092816352844238e-01,-7.823670506477355957e-01,1.328584551811218262e-02,2.882475554943084717e-01
4.665531814098358154e-01,5.576686859130859375e-01,5.921486020088195801e-01,-4.966047108173370361e-01,-8.298344612121582031e-01,-3.480863869190216064e-01,8.619059920310974121e-01,8.702055215835571289e-01,7.092155516147613525e-03,-4.643549323081970215e-01
1.731732189655303955e-01,3.028024137020111084e-01,1.438762247562408447e-01,-3.531238138675689697e-01,-9.249582886695861816e-01,-4.969962835311889648e-01,8.575091958045959473e-01,8.777395486831665039e-01,-2.166616916656494141e-02,1.127583160996437073e-01
9.720699191093444824e-01,9.603746533393859863e-01,5.962826609611511230e-01,-9.111098051071166992e-01,-2.266332507133483887e-01,-2.445836961269378662e-01,-7.736493349075317383e-01,7.348842024803161621e-01,-6.953470110893249512e-01,5.928365588188171387e-01
8.577449321746826172e-01,7.980540990829467773e-01,6.709036827087402344e-01,-8.032844662666320801e-01,-1.493870466947555542e-01,-2.671953439712524414e-01,-7.372739911079406738e-02,2.197121232748031616e-01,-4.490053951740264893e-01,2.912905216217041016e-01
8.557332158088684082e-01,9.339898228645324707e-01,9.535085558891296387e-01,-9.153914451599121094e-01,-1.409902125597000122e-01,3.888594806194305420e-01,8.065273165702819824e-01,-2.553722858428955078e-01,-5.782459974288940430e-01,6.108441948890686035e-02
8.002142310142517090e-01,6.185955405235290527e-01,6.278391480445861816e-01,-5.724030137062072754e-01,8.184790015220642090e-01,1.670846641063690186e-01,4.379906356334686279e-01,-8.445457816123962402e-01,2.243423759937286377e-01,-1.770759373903274536e-01
9.407879710197448730e-01,7.825746536254882812e-01,1.412581354379653931e-01,-5.993298292160034180e-01,2.083068192005157471e-01,3.671885430812835693e-01,1.734604835510253906e-01,8.366962075233459473e-01,-7.036651950329542160e-03,8.749879002571105957e-01
9.773197174072265625e-01,9.038376808166503906e-01,1.032596379518508911e-01,-8.541533350944519043e-01,-3.457130165770649910e-03,2.717953324317932129e-01,-1.591934356838464737e-03,7.714885473251342773e-01,-2.968070209026336670e-01,8.133150935173034668e-01
4.578505456447601318e-01,-4.279734492301940918e-01,-4.250501990318298340e-01,-1.775636225938796997e-01,-2.227636426687240601e-01,5.613965392112731934e-01,3.507736325263977051e-01,6.803206801414489746e-01,8.703353255987167358e-02,6.552454829216003418e-01
8.219622373580932617e-01,4.783840775489807129e-01,-2.935469150543212891e-01,-3.938911855220794678e-01,1.930445432662963867e-04,6.753157973289489746e-01,8.116330951452255249e-02,8.455390334129333496e-01,1.009568944573402405e-01,8.426456451416015625e-01
-5.438179373741149902e-01,-6.004951000213623047e-01,1.319919228553771973e-01,1.247397288680076599e-01,6.622707247734069824e-01,2.447326630353927612e-01,-8.476255536079406738e-01,-7.901723384857177734e-01,-4.850774407386779785e-01,-6.111118197441101074e-01
4.811042249202728271e-01,7.419763803482055664e-01,8.576376438140869141e-01,-2.570456266403198242e-01,8.372341394424438477e-01,-3.902115300297737122e-02,4.622539281845092773e-01,-7.117019891738891602e-01,3.123398125171661377e-01,-8.304736614227294922e-01
6.672664284706115723e-01,4.387656748294830322e-01,-2.455361634492874146e-01,-5.742850899696350098e-01,-3.376653790473937988e-01,-4.661882519721984863e-01,-9.219560027122497559e-01,5.053803324699401855e-01,-7.709455490112304688e-01,8.214249610900878906e-01
-5.680466890335083008e-01,1.150613054633140564e-01,9.180401563644409180e-01,3.455614447593688965e-01,2.499725669622421265e-01,-1.714280545711517334e-01,9.778108000755310059e-01,-5.551750063896179199e-01,5.520155429840087891e-01,-6.317462921142578125e-01
5.547205209732055664e-01,-7.133195996284484863e-01,-9.241532087326049805e-01,3.362183570861816406e-01,6.439873576164245605e-01,5.363001823425292969e-01,-7.693446278572082520e-01,2.071640640497207642e-01,2.598021626472473145e-01,8.174887299537658691e-01
8.728297352790832520e-01,-7.185153961181640625e-01,1.659905016422271729e-01,-4.421976804733276367e-01,5.317617058753967285e-01,-3.238442242145538330e-01,9.706423878669738770e-01,-7.319819331169128418e-01,5.144721865653991699e-01,6.632729768753051758e-01
9.120010733604431152e-01,-2.762848138809204102e-01,-6.287831664085388184e-01,-8.660367727279663086e-01,-4.440375566482543945e-01,6.045836582779884338e-02,8.789002895355224609e-01,-7.366042733192443848e-01,3.304432034492492676e-01,-5.697889328002929688e-01
7.602195739746093750e-01,1.403784155845642090e-01,1.344111561775207520e-01,-4.954023957252502441e-01,2.154790759086608887e-01,-4.530161619186401367e-01,9.424372911453247070e-01,-7.660085558891296387e-01,6.274505853652954102e-01,-8.697832226753234863e-01
8.827064633369445801e-01,9.423399567604064941e-01,6.303346753120422363e-01,-9.103193879127502441e-01,-8.141372799873352051e-01,-5.074095726013183594e-01,4.284499883651733398e-01,3.513970077037811279e-01,-4.871299564838409424e-01,-6.642404198646545410e-01
5.685338973999023438e-01,3.729723691940307617e-01,3.779529361054301262e-03,-7.934362292289733887e-01,-6.553820371627807617e-01,-7.099720835685729980e-02,-8.248271942138671875e-01,3.564122915267944336e-01,-7.720462679862976074e-01,-8.640802502632141113e-01
7.026360034942626953e-01,1.009687110781669617e-01,-5.192904472351074219e-01,2.655979096889495850e-01,8.076540827751159668e-01,-6.507253050804138184e-01,-4.589748680591583252e-01,-5.967094302177429199e-01,6.903592944145202637e-01,-8.865325450897216797e-01
4.786612465977668762e-02,-4.105459153652191162e-01,6.251555681228637695e-01,-7.162848711013793945e-01,-4.077431559562683105e-01,3.249231874942779541e-01,7.562856674194335938e-01,-5.323438048362731934e-01,-4.476796984672546387e-01,-6.540133357048034668e-01
3.052675426006317139e-01,7.815138697624206543e-01,5.756617188453674316e-01,-3.880308270454406738e-01,3.638035356998443604e-01,3.206492662429809570e-01,6.992986798286437988e-01,-7.309058904647827148e-01,1.068967655301094055e-01,-5.078584551811218262e-01
7.089044451713562012e-01,8.059610128402709961e-01,7.921977639198303223e-01,-6.643548011779785156e-01,-4.043129384517669678e-01,2.218597829341888428e-01,8.461819291114807129e-01,5.036088228225708008e-01,2.430775910615921021e-01,-8.890870213508605957e-01
8.909155726432800293e-01,9.209375977516174316e-01,9.840823411941528320e-01,-8.645709753036499023e-01,-5.059087872505187988e-01,-1.928938478231430054e-01,8.100053071975708008e-01,8.373620510101318359e-01,-3.388399481773376465e-01,-6.783665418624877930e-01
-3.072532117366790771e-01,6.198989748954772949e-01,-7.290416955947875977e-02,5.482751131057739258e-01,4.912904202938079834e-01,-6.047384142875671387e-01,-6.733353137969970703e-01,-1.007036343216896057e-01,1.209653019905090332e-01,-3.439145684242248535e-01
3.346513211727142334e-02,3.338426649570465088e-01,4.324147105216979980e-01,-3.737243264913558960e-02,6.905571222305297852e-01,-7.909121364355087280e-02,-1.360805630683898926e-01,-7.482270598411560059e-01,4.585725814104080200e-02,-5.873576998710632324e-01
9.860081076622009277e-01,9.638566374778747559e-01,9.323220849037170410e-01,-9.798969030380249023e-01,-1.865986585617065430e-01,3.272410035133361816e-01,8.146494030952453613e-01,-1.151742786169052124e-01,-6.130913496017456055e-01,2.409024722874164581e-02
-3.173439502716064453e-01,-7.682071328163146973e-01,-7.996668219566345215e-01,4.915638864040374756e-01,3.101741969585418701e-01,6.008694171905517578e-01,4.078569635748863220e-02,-4.318434596061706543e-01,5.591337084770202637e-01,-5.257602334022521973e-01
9.776323288679122925e-02,9.827581644058227539e-01,9.934586882591247559e-01,-8.715699911117553711e-01,-9.076520800590515137e-01,-7.011572718620300293e-01,7.718028426170349121e-01,5.940942764282226562e-01,-7.919964194297790527e-01,-8.616630434989929199e-01
7.823175787925720215e-01,5.678330659866333008e-01,9.402753710746765137e-01,-7.392169833183288574e-01,-5.097894072532653809e-01,-6.756128668785095215e-01,8.596670627593994141e-01,6.269714236259460449e-01,-1.167737543582916260e-01,-8.084062337875366211e-01
4.509426951408386230e-01,7.319313287734985352e-01,8.978219032287597656e-01,-6.708099842071533203e-01,-6.006188988685607910e-01,2.286855578422546387e-01,7.061491012573242188e-01,7.402235865592956543e-01,-1.073845922946929932e-01,-9.450287222862243652e-01
9.818127155303955078e-01,9.932850599288940430e-01,9.560344219207763672e-01,-9.514144062995910645e-01,-1.222811788320541382e-01,-2.091852426528930664e-01,-2.110001398250460625e-03,5.995472073554992676e-01,-5.729822516441345215e-01,3.909273743629455566e-01
6.835075616836547852e-01,6.798535585403442383e-01,9.383968114852905273e-01,-6.852729320526123047e-01,-6.988841891288757324e-01,-7.779980897903442383e-01,8.576285839080810547e-01,7.408668994903564453e-01,-1.467877924442291260e-01,-7.330875992774963379e-01
6.081694960594177246e-01,4.618480801582336426e-01,6.282232403755187988e-01,-3.531506955623626709e-01,-2.098491489887237549e-01,1.295988857746124268e-01,7.561573386192321777e-01,7.962645888328552246e-01,2.735266834497451782e-02,2.992215752601623535e-01
8.214380741119384766e-01,2.717668712139129639e-01,8.805955052375793457e-01,-7.394865155220031738e-01,-6.666229963302612305e-01,-6.820351481437683105e-01,7.608414292335510254e-01,8.906067013740539551e-01,-4.097028672695159912e-01,3.548306226730346680e-02
7.520194649696350098e-01,8.465667366981506348e-01,-1.868655383586883545e-01,-6.382327675819396973e-01,-8.555344343185424805e-01,-9.206476807594299316e-01,-6.092208027839660645e-01,6.732712984085083008e-01,-6.580879688262939453e-01,6.864456534385681152e-01
-7.860476970672607422e-01,4.172868430614471436e-01,9.258317947387695312e-01,5.964178442955017090e-01,3.949183225631713867e-01,2.774217426776885986e-01,4.986563026905059814e-01,2.827993333339691162e-01,1.919397860765457153e-01,-8.127036094665527344e-01
5.520712137222290039e-01,8.008572459220886230e-01,9.043402671813964844e-01,-4.726307094097137451e-01,-2.574169635772705078e-01,-3.506394475698471069e-02,7.980916500091552734e-01,6.972448825836181641e-01,2.612215280532836914e-01,-9.517157673835754395e-01
-9.097921848297119141e-01,-6.724926233291625977e-01,3.369764238595962524e-02,7.669911384582519531e-01,4.374063909053802490e-01,-2.010435611009597778e-01,1.541218459606170654e-01,-7.913508415222167969e-01,4.258978962898254395e-01,-8.695538043975830078e-01
-8.982998132705688477e-01,-7.195351719856262207e-01,-5.148679018020629883e-01,9.046145677566528320e-01,7.582021951675415039e-01,-4.989287555217742920e-01,-4.552477002143859863e-01,-7.773967981338500977e-01,5.019629597663879395e-01,-6.108608245849609375e-01
7.975522279739379883e-01,6.462042927742004395e-01,9.574737548828125000e-01,-7.747938632965087891e-01,-7.400051951408386230e-01,-6.344152688980102539e-01,8.549705743789672852e-01,8.760301470756530762e-01,-6.978322863578796387e-01,9.119308590888977051e-01
8.927270174026489258e-01,-2.470582276582717896e-01,4.322632551193237305e-01,-6.858499050140380859e-01,-3.269789814949035645e-01,-5.191730260848999023e-01,9.426985979080200195e-01,2.268627583980560303e-01,6.682271510362625122e-02,8.320286870002746582e-01
-9.509060978889465332e-01,-9.346153736114501953e-01,-9.020353555679321289e-01,9.506210684776306152e-01,2.020422965288162231e-01,-1.358494311571121216e-01,-7.545994520187377930e-01,2.952630221843719482e-01,5.086550712585449219e-01,-1.314210593700408936e-01
3.266059160232543945e-01,7.122443914413452148e-01,7.640727162361145020e-01,-6.810755133628845215e-01,-9.305915236473083496e-01,-7.080250382423400879e-01,5.931506156921386719e-01,8.724460601806640625e-01,-4.707660079002380371e-01,-6.880717277526855469e-01
-1.108997315168380737e-02,-4.860911965370178223e-01,7.224618792533874512e-01,-1.521586477756500244e-01,-7.514259815216064453e-01,-8.756982684135437012e-01,3.839369630441069603e-03,8.493682742118835449e-01,-6.359146237373352051e-01,4.295004904270172119e-01
5.770136117935180664e-01,-1.695837974548339844e-01,7.702773809432983398e-01,-7.369361519813537598e-01,-8.750138878822326660e-01,-5.622963905334472656e-01,7.373688220977783203e-01,8.901205658912658691e-01,-5.578256845474243164e-01,-1.276556551456451416e-01
8.232809901237487793e-01,-1.507938653230667114e-02,6.703601479530334473e-01,-6.358413696289062500e-01,-3.164756596088409424e-01,-4.236284792423248291e-01,8.028582334518432617e-01,5.947289466857910156e-01,-7.862395048141479492e-02,4.426158070564270020e-01
7.399393320083618164e-01,9.333369135856628418e-01,9.884189367294311523e-01,-9.585518836975097656e-01,-9.623314142227172852e-01,-8.030216097831726074e-01,3.262358605861663818e-01,9.193135499954223633e-01,-9.493997693061828613e-01,1.880198270082473755e-01
6.625618338584899902e-01,2.922480404376983643e-01,3.753356039524078369e-01,-7.355406880378723145e-01,-3.525126874446868896e-01,-4.212540388107299805e-01,-6.351003646850585938e-01,2.041808366775512695e-01,-6.321835517883300781e-01,-7.413948774337768555e-01
6.571347117424011230e-01,7.776741981506347656e-01,9.195680618286132812e-01,-9.055684804916381836e-01,-8.232554793357849121e-01,-6.771050691604614258e-01,-8.123272657394409180e-01,7.472792863845825195e-01,-9.430835843086242676e-01,-3.019272983074188232e-01
5.594423413276672363e-02,1.368825137615203857e-01,8.159071207046508789e-01,-7.213642001152038574e-01,-3.134268820285797119e-01,-2.252467423677444458e-01,7.344146072864532471e-02,-5.659339427947998047e-01,-6.584228277206420898e-01,-7.511484026908874512e-01
5.538175702095031738e-01,9.281546473503112793e-01,9.378797411918640137e-01,-7.152317166328430176e-01,9.146714955568313599e-02,-1.518447399139404297e-01,2.435788214206695557e-01,-2.172134369611740112e-01,-4.849298894405364990e-01,-4.503252506256103516e-01
7.600201368331909180e-01,2.067778557538986206e-01,4.845944643020629883e-01,-7.586925029754638672e-01,-4.207986891269683838e-01,-8.927240371704101562e-01,-5.771752595901489258e-01,-1.956289112567901611e-01,-6.662620306015014648e-01,-7.048371434211730957e-01
8.462301492691040039e-01,9.599233269691467285e-01,8.155991435050964355e-01,-9.228311181068420410e-01,-9.701645374298095703e-01,-9.402642846107482910e-01,-5.148749947547912598e-01,9.390712380409240723e-01,-9.072463512420654297e-01,3.333346545696258545e-01
9.402922391891479492e-01,7.401315569877624512e-01,7.835810780525207520e-01,-7.799779772758483887e-01,-4.346292614936828613e-01,-1.455779820680618286e-01,8.249500393867492676e-01,8.706133365631103516e-01,-2.578179240226745605e-01,8.973930478096008301e-01
9.513590931892395020e-01,3.276490867137908936e-01,6.173464059829711914e-01,-8.170903325080871582e-01,-4.509253501892089844e-01,-4.214294850826263428e-01,9.361241459846496582e-01,5.830751061439514160e-01,-6.981952488422393799e-02,8.192713856697082520e-01
1.678803712129592896e-01,4.712951183319091797e-01,4.677211642265319824e-01,-1.806837022304534912e-01,-8.286392688751220703e-01,-5.235537886619567871e-01,6.020755171775817871e-01,9.402221441268920898e-01,-1.172612458467483521e-01,-4.331825673580169678e-01
5.911278128623962402e-01,4.569364488124847412e-01,8.287869691848754883e-01,-3.444618880748748779e-01,-1.090855970978736877e-01,-5.877880454063415527e-01,9.191091060638427734e-01,1.148262545466423035e-01,5.458431839942932129e-01,-9.156913161277770996e-01
4.637067019939422607e-01,-1.914886087179183960e-01,1.130212247371673584e-01,-1.953863352537155151e-01,-7.354639768600463867e-01,-8.821705579757690430e-01,7.026222348213195801e-01,6.104274988174438477e-01,8.320057764649391174e-03,3.356857895851135254e-01
6.823881268501281738e-01,-8.038967847824096680e-01,-9.744125008583068848e-01,-8.020256757736206055e-01,-9.576141238212585449e-01,-6.610985994338989258e-01,7.665297985076904297e-01,-4.661252498626708984e-01,-1.319060772657394409e-01,4.460760951042175293e-01
-6.535559892654418945e-01,6.033105254173278809e-01,9.116275906562805176e-01,1.524499356746673584e-01,-8.101406097412109375e-01,-8.931435346603393555e-01,9.127071499824523926e-01,3.744564950466156006e-01,-3.396827578544616699e-01,7.259348630905151367e-01
-1.728580445051193237e-01,8.909218311309814453e-01,9.676992297172546387e-01,-5.534837245941162109e-01,-9.382100105285644531e-01,-9.051972031593322754e-01,9.477061629295349121e-01,6.950277090072631836e-01,-6.062238812446594238e-01,7.254618406295776367e-01
9.006764739751815796e-02,7.636451125144958496e-01,6.980447173118591309e-01,-5.832535028457641602e-01,-9.787743687629699707e-01,-7.475898861885070801e-01,4.403992891311645508e-01,9.727052450180053711e-01,-5.604649782180786133e-01,3.796256780624389648e-01
-6.969367861747741699e-01,-4.010184705257415771e-01,2.165603451430797577e-02,-7.068930566310882568e-02,-6.153896078467369080e-02,3.380167782306671143e-01,-4.258640408515930176e-01,-7.344041466712951660e-01,-5.406745076179504395e-01,-7.725963592529296875e-01
8.061307072639465332e-01,7.459479570388793945e-01,6.240586638450622559e-01,-5.096725225448608398e-01,-2.170833498239517212e-01,-6.664228439331054688e-02,9.525926709175109863e-01,2.345252037048339844e-01,5.315830707550048828e-01,-1.552908420562744141e-01
-6.344013810157775879e-01,-1.803390085697174072e-01,-5.219977498054504395e-01,8.182325363159179688e-01,9.279996752738952637e-01,-2.620708346366882324e-01,-7.584065198898315430e-01,-8.779058456420898438e-01,5.615171194076538086e-01,-8.581149578094482422e-01
1.249181106686592102e-01,-3.253213465213775635e-01,-8.118099570274353027e-01,-3.282968103885650635e-01,-8.009627461433410645e-01,-7.723355889320373535e-01,-9.070631265640258789e-01,4.942821562290191650e-01,-5.479308962821960449e-01,-5.599017143249511719e-01
-2.486198097467422485e-01,-8.594536036252975464e-02,4.358510673046112061e-01,-1.035727411508560181e-01,4.009781181812286377e-01,-4.031678140163421631e-01,-3.200617432594299316e-01,-7.930276393890380859e-01,-3.825951516628265381e-01,-7.862485051155090332e-01
3.265693485736846924e-01,2.784391939640045166e-01,5.443704128265380859e-01,-4.234762787818908691e-01,-8.182955384254455566e-01,-5.393880605697631836e-01,8.250222206115722656e-01,8.136166930198669434e-01,3.769649937748908997e-02,-7.046183943748474121e-01
-6.650930047035217285e-01,7.995522767305374146e-02,9.468343257904052734e-01,4.046319723129272461e-01,4.591315388679504395e-01,-5.395731925964355469e-01,6.729993820190429688e-01,-5.545492768287658691e-01,4.563476890325546265e-02,-7.991095185279846191e-01
-6.711077690124511719e-01,-7.967368960380554199e-01,5.825966000556945801e-01,8.717067241668701172e-01,9.814586043357849121e-01,1.716658622026443481e-01,-9.152161329984664917e-02,-9.009346961975097656e-01,5.918295383453369141e-01,-5.517079830169677734e-01
1.910645663738250732e-01,-8.328137397766113281e-01,-9.140461087226867676e-01,5.802124142646789551e-01,9.631055593490600586e-01,4.087717235088348389e-01,-9.978688508272171021e-02,-9.765424728393554688e-01,5.407121777534484863e-01,7.354469299316406250e-01
-6.470810174942016602e-01,-7.484752535820007324e-01,-3.400070965290069580e-02,5.646435618400573730e-01,8.669314980506896973e-01,6.692983508110046387e-01,-7.576130628585815430e-01,-7.406763434410095215e-01,-7.958055287599563599e-02,-4.261529445648193359e-01
-4.771761000156402588e-01,-7.757400870323181152e-01,-8.375052213668823242e-01,4.452748894691467285e-01,4.733611643314361572e-01,-1.872262954711914062e-01,-7.258827090263366699e-01,-8.424870371818542480e-01,-2.382284253835678101e-01,9.116621017456054688e-01
-8.125551939010620117e-01,-8.047934174537658691e-01,-8.139517307281494141e-01,8.158040046691894531e-01,6.528176069259643555e-01,-2.324139475822448730e-01,-7.904162406921386719e-01,-6.963016390800476074e-01,1.626737713813781738e-01,2.604305446147918701e-01
-9.292047023773193359e-01,-4.756992459297180176e-01,-9.179306626319885254e-01,8.958842158317565918e-01,-5.892767012119293213e-02,2.531314492225646973e-01,-7.231283783912658691e-01,-1.121617760509252548e-02,2.688490748405456543e-01,8.063254952430725098e-01
2.810218036174774170e-01,-7.016788125038146973e-01,-9.496146440505981445e-01,-2.467738538980484009e-01,-7.401499748229980469e-01,-6.753486394882202148e-01,-8.626887947320938110e-02,-4.573532938957214355e-01,-1.558195203542709351e-01,6.211782097816467285e-01
8.841118812561035156e-01,9.725443124771118164e-01,7.223467826843261719e-01,-9.080200195312500000e-01,-7.964677810668945312e-01,-4.763304293155670166e-01,-3.890729323029518127e-02,6.269628405570983887e-01,-5.009209513664245605e-01,-7.934728860855102539e-01
9.497121572494506836e-01,6.645414233207702637e-01,3.802703917026519775e-01,-9.578834176063537598e-01,-9.102498292922973633e-01,-7.463853359222412109e-01,2.134546488523483276e-01,6.751242280006408691e-01,-7.550293803215026855e-01,3.750581145286560059e-01
9.003958106040954590e-01,1.072119548916816711e-01,-4.484028816223144531e-01,-8.705973625183105469e-01,-7.434528470039367676e-01,-4.917977750301361084e-01,5.874072909355163574e-01,9.007080644369125366e-02,-3.833069801330566406e-01,7.311573624610900879e-01
8.947935700416564941e-01,7.796526551246643066e-01,-7.276744842529296875e-01,-6.196894645690917969e-01,4.779008626937866211e-01,6.137762069702148438e-01,-6.338461637496948242e-01,-3.559419214725494385e-01,1.663693040609359741e-01,-4.578378200531005859e-01
6.465110182762145996e-01,8.612993955612182617e-01,8.615793585777282715e-01,-6.986367106437683105e-01,1.303988248109817505e-01,-4.235521256923675537e-01,5.220943689346313477e-01,-7.359353899955749512e-01,-4.980668425559997559e-01,3.301924467086791992e-01
2.660829387605190277e-02,8.145679235458374023e-01,8.368136286735534668e-01,-1.745724529027938843e-01,3.202690482139587402e-01,-5.515698194503784180e-01,3.816174864768981934e-01,-4.698379933834075928e-01,-9.346548467874526978e-03,-8.025970458984375000e-01
-6.122239828109741211e-01,2.134070359170436859e-02,2.823291718959808350e-01,6.259119510650634766e-01,7.993686795234680176e-01,-4.115304648876190186e-01,-2.469549626111984253e-01,-8.376904129981994629e-01,3.204447627067565918e-01,-8.639276027679443359e-01
5.645113587379455566e-01,-3.076331317424774170e-01,2.297286987304687500e-01,-3.136382699012756348e-01,-7.546855509281158447e-02,-8.473015427589416504e-01,4.942982494831085205e-01,-3.153594136238098145e-01,-3.065323829650878906e-01,7.957401871681213379e-01
6.940751075744628906e-01,8.300986289978027344e-01,8.700123429298400879e-01,-6.031048297882080078e-01,-8.451265692710876465e-01,-8.389803171157836914e-01,9.186924099922180176e-01,7.909534573554992676e-01,1.026161480695009232e-02,2.303324788808822632e-01
-6.477953195571899414e-01,-5.805698633193969727e-01,-3.951167762279510498e-01,6.242516040802001953e-01,2.460507154464721680e-01,-2.435622066259384155e-01,-7.592342495918273926e-01,9.398117661476135254e-02,-3.116023540496826172e-01,8.399581313133239746e-01
5.854131579399108887e-01,7.116578221321105957e-01,1.531063467264175415e-01,-6.378614306449890137e-01,-4.703141748905181885e-01,3.900338709354400635e-01,9.038244932889938354e-02,5.467497706413269043e-01,2.582626044750213623e-02,-9.663010835647583008e-01
5.742987394332885742e-01,7.063282728195190430e-01,7.476238608360290527e-01,-6.029794812202453613e-01,-4.859380125999450684e-01,-6.963614374399185181e-02,6.317492127418518066e-01,6.075511574745178223e-01,1.240243092179298401e-01,-9.654511213302612305e-01
-2.797407209873199463e-01,-5.295163989067077637e-01,-4.509483575820922852e-01,5.893020629882812500e-01,5.922909379005432129e-01,3.816842734813690186e-01,-3.880616426467895508e-01,4.822509363293647766e-02,6.410464644432067871e-01,-9.529810547828674316e-01
-1.276362240314483643e-01,-4.255955815315246582e-01,1.886130720376968384e-01,1.221146434545516968e-01,5.093421339988708496e-01,4.366092681884765625e-01,8.941208720207214355e-01,-7.051180601119995117e-01,6.919515132904052734e-01,-9.677112102508544922e-01
-5.347278118133544922e-01,3.930760622024536133e-01,-5.505971908569335938e-01,3.520808815956115723e-01,3.340052366256713867e-01,3.312837183475494385e-01,-7.619079947471618652e-01,-7.012669444084167480e-01,-1.279660500586032867e-02,-3.232994675636291504e-01
5.501626133918762207e-01,1.737077534198760986e-01,8.449710011482238770e-01,-4.212274253368377686e-01,5.285781025886535645e-01,-6.335162520408630371e-01,7.528769969940185547e-01,-7.623552083969116211e-01,-2.544203996658325195e-01,6.207574009895324707e-01
-4.345475733280181885e-01,-4.469298943877220154e-02,-2.471397817134857178e-01,6.417629867792129517e-02,2.194411009550094604e-01,5.479252338409423828e-01,5.115500688552856445e-01,-8.643153905868530273e-01,-8.946709334850311279e-03,1.052007228136062622e-01
-4.907229244709014893e-01,-1.853888630867004395e-01,-2.951235473155975342e-01,2.116955816745758057e-01,2.585013210773468018e-01,6.145787835121154785e-01,5.487273931503295898e-01,-8.273288607597351074e-01,1.958239674568176270e-01,-7.299692928791046143e-02
2.588930428028106689e-01,8.469131588935852051e-01,9.175779819488525391e-01,-4.789992570877075195e-01,3.222507238388061523e-02,-7.955664396286010742e-01,4.460957050323486328e-01,-7.673432826995849609e-01,-5.665305852890014648e-01,3.947142362594604492e-01
2.055475413799285889e-01,7.846768498420715332e-01,6.950964331626892090e-01,-6.077420115470886230e-01,-9.576482772827148438e-01,-9.473162889480590820e-01,-5.783845186233520508e-01,9.310524463653564453e-01,-8.578180074691772461e-01,2.188419699668884277e-01
-6.380030512809753418e-01,-6.539720892906188965e-01,-3.453251719474792480e-01,3.955021500587463379e-01,6.818242669105529785e-01,2.867015302181243896e-01,-9.156965017318725586e-01,-6.459445357322692871e-01,-4.005602002143859863e-01,-3.750687539577484131e-01
-1.255225241184234619e-01,9.416119456291198730e-01,9.919466972351074219e-01,-1.412943154573440552e-01,1.880205869674682617e-01,-2.459906041622161865e-01,9.275912642478942871e-01,-5.652666836977005005e-02,8.611522614955902100e-02,-2.525797188282012939e-01
9.008077979087829590e-01,4.023810029029846191e-01,7.571693658828735352e-01,-5.066622495651245117e-01,6.107859015464782715e-01,-3.806429207324981689e-01,9.513699412345886230e-01,-5.836537480354309082e-01,6.994836330413818359e-01,-6.067057251930236816e-01
-6.993826627731323242e-01,-1.512455493211746216e-01,7.452648878097534180e-01,4.094159901142120361e-01,5.553064942359924316e-01,8.002336025238037109e-01,9.095299839973449707e-01,-5.610948204994201660e-01,5.594871640205383301e-01,-8.771907091140747070e-01
-2.954266369342803955e-01,-6.686800122261047363e-01,5.135877430438995361e-02,6.788885593414306641e-01,9.689479470252990723e-01,8.878048062324523926e-01,7.896623611450195312e-01,-8.647461533546447754e-01,8.856419324874877930e-01,-9.306837320327758789e-01
2.562923431396484375e-01,-5.357840657234191895e-01,-7.004930973052978516e-01,6.940975189208984375e-01,8.516281843185424805e-01,-6.423276662826538086e-01,-5.426816344261169434e-01,-5.293236970901489258e-01,6.967249512672424316e-01,-6.742051243782043457e-01
7.364028692245483398e-01,-4.051689803600311279e-01,-2.766259908676147461e-01,-7.266017794609069824e-01,-8.262332677841186523e-01,-2.187679409980773926e-01,5.951541066169738770e-01,5.906327962875366211e-01,-5.173878669738769531e-01,8.905657529830932617e-01
8.074187636375427246e-01,7.503247857093811035e-01,-4.902489185333251953e-01,-9.434050321578979492e-01,-9.893192648887634277e-01,-4.668807387351989746e-01,7.315994501113891602e-01,7.171031236648559570e-01,-6.455687284469604492e-01,3.458108603954315186e-01
7.169643640518188477e-01,4.536864459514617920e-01,-8.183680176734924316e-01,-8.047616481781005859e-01,-8.025069832801818848e-01,6.535206437110900879e-01,-6.295297145843505859e-01,7.000821232795715332e-01,-6.707050204277038574e-01,8.340490460395812988e-01
-4.387520551681518555e-01,8.966076374053955078e-01,7.079922556877136230e-01,-3.891850262880325317e-02,-5.733636394143104553e-02,1.825383007526397705e-01,-4.453748166561126709e-01,1.894316226243972778e-01,-2.599993050098419189e-01,-7.454780340194702148e-01
-1.870275437831878662e-01,8.788118958473205566e-01,7.991005182266235352e-01,5.959430336952209473e-01,9.187991023063659668e-01,7.665756344795227051e-01,7.167288064956665039e-01,-3.815468549728393555e-01,7.916262149810791016e-01,-7.882236242294311523e-01
5.149013400077819824e-01,7.596651315689086914e-01,4.650469124317169189e-01,-7.469071745872497559e-01,-6.803448200225830078e-01,-5.065442323684692383e-01,-9.069560170173645020e-01,5.640920400619506836e-01,-7.865392565727233887e-01,-7.707150578498840332e-01
-9.048394560813903809e-01,-7.902419567108154297e-01,-1.135599315166473389e-01,8.646692037582397461e-01,4.035384654998779297e-01,-5.661562085151672363e-01,5.657610669732093811e-02,-3.514293730258941650e-01,3.236095011234283447e-01,-1.923803985118865967e-01
4.596234560012817383e-01,5.871080160140991211e-01,-4.161732792854309082e-01,6.403192281723022461e-01,9.058883786201477051e-01,5.388340353965759277e-01,-7.215941548347473145e-01,3.642076551914215088e-01,7.118657231330871582e-01,-6.798734068870544434e-01
7.870028018951416016e-01,5.127319693565368652e-01,1.263491660356521606e-01,-8.143835663795471191e-01,-6.679623723030090332e-01,3.159534884616732597e-03,8.745408654212951660e-01,5.274171009659767151e-02,-3.433566391468048096e-01,7.977922558784484863e-01
2.177989929914474487e-01,6.045681834220886230e-01,6.682174801826477051e-01,-3.043158352375030518e-01,-6.979343891143798828e-01,-1.373733431100845337e-01,1.919246613979339600e-01,9.220987558364868164e-01,-1.843608170747756958e-01,-4.364973306655883789e-01
3.758566379547119141e-01,8.183268904685974121e-01,-1.170503720641136169e-01,-3.959845602512359619e-01,-5.116167664527893066e-01,-5.351738333702087402e-01,-9.475369453430175781e-01,6.430167555809020996e-01,-5.524775385856628418e-01,-7.896211147308349609e-01
-4.651232361793518066e-01,-4.722542166709899902e-01,-4.402699768543243408e-01,1.467939019203186035e-01,-2.020155042409896851e-01,-6.951949000358581543e-01,-7.561295628547668457e-01,-4.343743026256561279e-01,-3.896467387676239014e-01,-6.628866791725158691e-01
6.090916991233825684e-01,7.292835712432861328e-01,-8.554023504257202148e-01,6.827305257320404053e-02,6.295641660690307617e-01,3.676412999629974365e-01,-9.437024593353271484e-01,-1.625543683767318726e-01,2.698202431201934814e-01,-6.491209864616394043e-01
-9.387666583061218262e-01,-7.245253324508666992e-01,-5.213727355003356934e-01,8.985716700553894043e-01,6.958855390548706055e-01,1.076410487294197083e-01,-4.839462041854858398e-01,-7.232299447059631348e-01,5.045441985130310059e-01,-8.024187684059143066e-01
-9.007603526115417480e-01,5.416325926780700684e-01,9.661545753479003906e-01,5.973659753799438477e-01,-6.993568539619445801e-01,-7.865786552429199219e-01,7.577083110809326172e-01,8.154882788658142090e-01,-3.536201119422912598e-01,5.888941884040832520e-02
-2.627158761024475098e-01,-6.765345335006713867e-01,-8.344136476516723633e-01,9.030561894178390503e-02,3.012651801109313965e-01,6.939079165458679199e-01,-4.373308122158050537e-01,-6.073777675628662109e-01,-3.406146168708801270e-01,8.466012477874755859e-01
-6.477755308151245117e-01,-7.975208163261413574e-01,-9.475904107093811035e-01,9.257324337959289551e-01,7.176681756973266602e-01,-5.375239849090576172e-01,-4.878285825252532959e-01,-6.015391945838928223e-01,7.647761106491088867e-01,6.174294352531433105e-01
2.277463376522064209e-01,-5.326862931251525879e-01,-1.393031626939773560e-01,-3.737773001194000244e-02,-6.816301941871643066e-01,-8.965288400650024414e-01,7.252268791198730469e-01,3.406092524528503418e-01,1.774033159017562866e-01,-3.353008925914764404e-01
-8.772605061531066895e-01,-9.565007090568542480e-01,-5.925573706626892090e-01,8.309771418571472168e-01,6.495400071144104004e-01,4.401423633098602295e-01,8.629571795463562012e-01,-8.627927899360656738e-01,8.038231730461120605e-01,-9.092861413955688477e-01
-8.043896555900573730e-01,-7.676582932472229004e-01,3.580499291419982910e-01,8.321100473403930664e-01,5.969706773757934570e-01,-3.483394384384155273e-01,6.879891753196716309e-01,-3.022806644439697266e-01,2.802841067314147949e-01,1.531749516725540161e-01
-9.460418820381164551e-01,-8.753111362457275391e-01,-3.884093463420867920e-02,9.270772933959960938e-01,8.988274931907653809e-01,7.288693189620971680e-01,4.798909723758697510e-01,-8.429915308952331543e-01,6.910751461982727051e-01,-8.522301316261291504e-01
8.091825842857360840e-01,7.838574647903442383e-01,6.582912802696228027e-01,-7.607668638229370117e-01,-2.706134915351867676e-01,-5.978447794914245605e-01,7.955145835876464844e-01,-2.729400098323822021e-01,2.224895656108856201e-01,-9.591973423957824707e-01
-8.524904251098632812e-01,-8.737988471984863281e-01,2.512484788894653320e-01,8.337865471839904785e-01,8.893995881080627441e-01,6.602368354797363281e-01,7.933886051177978516e-01,-8.670268654823303223e-01,6.687230467796325684e-01,-7.874112129211425781e-01
-3.334357738494873047e-01,-6.914475560188293457e-01,8.647418618202209473e-01,3.105917870998382568e-01,8.715803027153015137e-01,5.022635459899902344e-01,8.600264787673950195e-01,-8.085607886314392090e-01,4.428504705429077148e-01,-7.576800584793090820e-01
-2.081617899239063263e-02,7.253578901290893555e-01,6.940259933471679688e-01,4.990555942058563232e-01,8.538039326667785645e-01,6.587821245193481445e-01,9.611087441444396973e-01,-6.933177113533020020e-01,8.198034167289733887e-01,-8.060759305953979492e-02
3.648941218852996826e-01,9.157467484474182129e-01,9.817494153976440430e-01,-7.049027681350708008e-01,-9.403623342514038086e-01,-8.182090520858764648e-01,7.101188302040100098e-01,9.708907008171081543e-01,-5.979268550872802734e-01,-6.102781295776367188e-01
9.585298895835876465e-01,9.623338580131530762e-01,-5.054703950881958008e-01,-7.586151957511901855e-01,3.530343472957611084e-01,5.654352307319641113e-01,1.380215734243392944e-01,-4.061639681458473206e-02,5.277866125106811523e-01,-6.550933718681335449e-01
7.863093018531799316e-01,8.303619623184204102e-01,-7.387397885322570801e-01,-6.156001091003417969e-01,-4.944306910037994385e-01,4.622859954833984375e-01,1.789209991693496704e-01,4.702484309673309326e-01,1.816394776105880737e-01,2.039853185415267944e-01
9.712935090065002441e-01,9.344767332077026367e-01,-3.893551230430603027e-01,-8.947107195854187012e-01,-4.215143620967864990e-01,2.776879370212554932e-01,-1.286748051643371582e-01,6.793183684349060059e-01,-2.936406135559082031e-01,5.329471826553344727e-01
9.648677110671997070e-01,8.887171149253845215e-01,2.606518268585205078e-01,-9.083095192909240723e-01,-5.529246926307678223e-01,2.648370563983917236e-01,4.292042255401611328e-01,7.445941567420959473e-01,-3.738105297088623047e-01,6.494844555854797363e-01
9.840563535690307617e-01,9.347492456436157227e-01,-1.017030850052833557e-01,-9.241895079612731934e-01,-2.506152689456939697e-01,2.606321275234222412e-01,-2.845820784568786621e-01,7.214131951332092285e-01,-5.018762946128845215e-01,7.489616870880126953e-01
8.077246546745300293e-01,5.132878422737121582e-01,-5.983555316925048828e-01,-6.919726729393005371e-01,-6.409212350845336914e-01,6.890125274658203125e-01,-1.630496233701705933e-01,8.661210536956787109e-01,-2.653636038303375244e-01,8.090621232986450195e-01
-5.001032352447509766e-01,-9.404464960098266602e-01,2.459733374416828156e-02,3.955944776535034180e-01,7.775061130523681641e-01,5.403642654418945312e-01,2.532731294631958008e-01,-8.839520812034606934e-01,3.904859349131584167e-02,-1.690333336591720581e-02
2.417286932468414307e-01,-2.599392831325531006e-01,-5.246869921684265137e-01,1.555331796407699585e-01,8.382834792137145996e-01,3.358335420489311218e-02,-9.330710172653198242e-01,-7.147068381309509277e-01,1.172969304025173187e-02,-7.607823014259338379e-01
4.963048100471496582e-01,-4.218177497386932373e-01,-9.590948224067687988e-01,-2.988238632678985596e-01,-6.095649600028991699e-01,-5.282082557678222656e-01,-9.527067542076110840e-01,2.751946449279785156e-01,-5.319499969482421875e-01,8.574019074440002441e-01
3.063577115535736084e-01,1.688140779733657837e-01,6.830830574035644531e-01,-4.263767302036285400e-01,3.341981023550033569e-02,-6.606336832046508789e-01,3.709241151809692383e-01,-3.475224077701568604e-01,-4.905446171760559082e-01,5.280823111534118652e-01
-4.690582156181335449e-01,7.225685119628906250e-01,9.588677287101745605e-01,-1.362545937299728394e-01,-4.334886670112609863e-01,-1.298133432865142822e-01,3.540124595165252686e-01,6.772133111953735352e-01,-3.765167593955993652e-01,-7.405180335044860840e-01
-8.784855008125305176e-01,-6.585389375686645508e-01,3.500719964504241943e-01,9.688220620155334473e-01,9.905665516853332520e-01,4.311283230781555176e-01,-1.083060503005981445e-01,-8.651196360588073730e-01,8.885055184364318848e-01,-8.597357869148254395e-01
-7.942138314247131348e-01,-7.312051057815551758e-01,3.808466494083404541e-01,8.127128481864929199e-01,9.593543410301208496e-01,7.704976201057434082e-01,-7.309991717338562012e-01,-7.159538865089416504e-01,3.372249305248260498e-01,-6.696643233299255371e-01
-5.522457957267761230e-01,-1.040765568614006042e-01,-5.945662260055541992e-01,2.503553032875061035e-01,5.350118875503540039e-01,7.164755463600158691e-01,1.067873463034629822e-02,-9.243591427803039551e-01,5.027525126934051514e-02,-8.816548436880111694e-02
-8.445106744766235352e-01,-9.730125665664672852e-01,-9.358832836151123047e-01,6.863737702369689941e-01,-6.895213127136230469e-01,-1.767758280038833618e-01,7.143766880035400391e-01,-1.078383624553680420e-01,5.302914977073669434e-01,-5.305735468864440918e-01
-8.733163475990295410e-01,-9.258552789688110352e-01,-8.708030581474304199e-01,9.631319046020507812e-01,9.375076889991760254e-01,5.298675298690795898e-01,6.608840227127075195e-01,-8.159733414649963379e-01,9.209716916084289551e-01,-6.114549189805984497e-02
2.448835521936416626e-01,-6.701570153236389160e-01,-3.187839984893798828e-01,-3.223799541592597961e-02,-7.246844470500946045e-03,4.759398996829986572e-01,4.626231193542480469e-01,5.985540747642517090e-01,2.796477675437927246e-01,-3.181734085083007812e-01
6.166408658027648926e-01,-1.492286026477813721e-01,4.691337049007415771e-01,-1.567776501178741455e-02,5.289070606231689453e-01,-2.108020484447479248e-01,5.724299550056457520e-01,4.445093870162963867e-01,4.606649279594421387e-01,-5.136584043502807617e-01
7.947438359260559082e-01,8.076515793800354004e-01,-1.027555204927921295e-02,-6.710296273231506348e-01,-6.379508376121520996e-01,-6.648296117782592773e-01,-9.386119842529296875e-01,8.754435777664184570e-01,-8.103018999099731445e-01,7.624188065528869629e-01
-6.759232282638549805e-01,7.192923426628112793e-01,-5.063454061746597290e-02,5.858061313629150391e-01,-7.518214732408523560e-02,-5.474205017089843750e-01,-9.075547456741333008e-01,6.026293039321899414e-01,-4.186710119247436523e-01,-3.646999597549438477e-02
9.526260495185852051e-01,-4.614435136318206787e-02,-1.441356539726257324e-01,-7.179738879203796387e-01,2.734671905636787415e-02,-5.916641950607299805e-01,9.200776815414428711e-01,-2.427264750003814697e-01,2.984827160835266113e-01,7.978492975234985352e-01
-1.549409329891204834e-01,1.926458925008773804e-01,-6.359713152050971985e-03,2.422519959509372711e-02,6.546247601509094238e-01,4.880191683769226074e-01,-8.315764665603637695e-01,-7.289047241210937500e-01,-4.572623968124389648e-01,7.315456867218017578e-01
-8.558558821678161621e-01,-7.034017443656921387e-01,-8.556175827980041504e-01,7.836971282958984375e-01,8.011926412582397461e-01,4.564708173274993896e-01,-8.480241894721984863e-01,-9.000586867332458496e-01,4.210987687110900879e-01,-9.099001884460449219e-01
-3.372640013694763184e-01,3.700304031372070312e-01,-5.024418830871582031e-01,-6.099181622266769409e-02,-8.956912755966186523e-01,-7.876811027526855469e-01,-7.808489203453063965e-01,6.626302003860473633e-01,-6.393738985061645508e-01,6.576427221298217773e-01
-8.899141550064086914e-01,-8.039103150367736816e-01,-6.890308260917663574e-01,8.554755449295043945e-01,2.360842823982238770e-01,-2.310854643583297729e-01,-4.649974405765533447e-01,-4.591434299945831299e-01,4.848060011863708496e-02,9.414658546447753906e-01
5.925949811935424805e-01,8.826177120208740234e-01,9.695208072662353516e-01,-7.443173527717590332e-01,-6.170629858970642090e-01,1.329641491174697876e-01,-3.903611004352569580e-01,9.612908959388732910e-01,-6.738535761833190918e-01,-5.191296339035034180e-01
8.102366924285888672e-01,2.526741623878479004e-01,-2.423716038465499878e-01,-3.917881548404693604e-01,-5.754666775465011597e-02,-5.317605137825012207e-01,-7.822501659393310547e-01,7.666847705841064453e-01,-4.302694797515869141e-01,7.392983436584472656e-01
-8.382804691791534424e-02,-8.678412437438964844e-01,-8.689120411872863770e-01,5.695441365242004395e-01,9.209302663803100586e-01,3.122777044773101807e-01,-3.181277215480804443e-01,-9.404838681221008301e-01,3.154098987579345703e-01,6.217300295829772949e-01
-9.542728066444396973e-01,-9.805286526679992676e-01,-9.831843376159667969e-01,9.886627793312072754e-01,9.297279119491577148e-01,3.139335811138153076e-01,2.123893797397613525e-01,-9.176986813545227051e-01,9.395684003829956055e-01,6.773525476455688477e-01
5.269391536712646484e-01,1.595592647790908813e-01,9.098866581916809082e-01,-5.612583756446838379e-01,-2.467149645090103149e-01,-8.479346036911010742e-01,4.698702096939086914e-01,1.249990658834576607e-03,-7.466168999671936035e-01,8.725011348724365234e-01
-3.265269100666046143e-01,-5.677776932716369629e-01,-5.030554533004760742e-01,3.233615458011627197e-01,8.504353761672973633e-01,4.512139558792114258e-01,-8.682133555412292480e-01,-8.720694184303283691e-01,-1.428157649934291840e-02,-6.031498908996582031e-01
-5.641317367553710938e-01,-7.773476839065551758e-01,-1.979732364416122437e-01,7.863878607749938965e-01,9.455088376998901367e-01,4.245134592056274414e-01,-8.263652324676513672e-01,-6.520961523056030273e-01,3.682984411716461182e-01,-5.201255679130554199e-01
-9.045623540878295898e-01,-6.026635169982910156e-01,8.787474632263183594e-01,6.813169717788696289e-01,-2.751218974590301514e-01,-6.536124348640441895e-01,1.547440588474273682e-01,4.436002075672149658e-01,-6.019926667213439941e-01,7.575788497924804688e-01
-7.253113389015197754e-01,-1.488974839448928833e-01,8.877564668655395508e-01,5.445467829704284668e-01,5.623962283134460449e-01,2.455957382917404175e-01,6.699384450912475586e-01,-2.744758427143096924e-01,1.564655601978302002e-01,-7.298977971076965332e-01
-5.998441576957702637e-01,-5.063945651054382324e-01,7.594618797302246094e-01,5.326120257377624512e-01,-1.641880422830581665e-01,-9.318757057189941406e-01,9.353160858154296875e-01,-5.007652640342712402e-01,1.309859454631805420e-01,6.744295358657836914e-01
-4.343356192111968994e-01,7.486339211463928223e-01,8.227899670600891113e-01,7.163177132606506348e-01,9.235401153564453125e-01,7.923463582992553711e-01,9.134248495101928711e-01,-6.159397363662719727e-01,8.571410775184631348e-01,-6.591877937316894531e-01
-4.767535924911499023e-01,-4.477361142635345459e-01,3.588944077491760254e-01,4.529812633991241455e-01,8.596270084381103516e-01,1.403254866600036621e-01,-6.060557961463928223e-01,-8.023958206176757812e-01,-9.942509233951568604e-03,-5.784527063369750977e-01
-8.734922409057617188e-01,-7.988649606704711914e-01,-9.508802294731140137e-01,9.275911450386047363e-01,4.385061189532279968e-02,2.374731563031673431e-02,-5.580604076385498047e-01,2.624438703060150146e-01,7.107675075531005859e-01,5.901212692260742188e-01
8.458878993988037109e-01,5.896290540695190430e-01,-2.372059077024459839e-01,-5.232852697372436523e-01,7.417433857917785645e-01,4.661347568035125732e-01,-8.796807527542114258e-01,-4.639713168144226074e-01,-2.994739413261413574e-01,3.011453747749328613e-01
-7.850326299667358398e-01,-3.527799546718597412e-01,-7.314742207527160645e-01,8.854316473007202148e-01,9.400630593299865723e-01,9.258189797401428223e-01,-3.925140202045440674e-01,-6.541274785995483398e-01,8.370469212532043457e-01,-9.332861900329589844e-01
9.565009474754333496e-01,-2.372891008853912354e-01,-8.012498617172241211e-01,-5.762168765068054199e-01,9.227867722511291504e-01,4.169262349605560303e-01,-2.322856932878494263e-01,-9.273405671119689941e-01,4.222865700721740723e-01,8.822359144687652588e-02
5.059013366699218750e-01,6.064006090164184570e-01,5.137133002281188965e-01,-4.466296434402465820e-01,-8.514325618743896484e-01,-5.603604316711425781e-01,8.736675381660461426e-01,8.789104223251342773e-01,1.992025412619113922e-02,-1.134882792830467224e-01
8.429525494575500488e-01,9.522467255592346191e-01,9.295402765274047852e-01,-8.503379225730895996e-01,-6.999523639678955078e-01,-6.070665717124938965e-01,9.223181009292602539e-01,2.582822740077972412e-01,-1.582763344049453735e-01,-3.170342445373535156e-01
-8.885948061943054199e-01,-9.549647569656372070e-01,-4.484789967536926270e-01,9.310131669044494629e-01,9.268318414688110352e-01,1.150769069790840149e-01,7.701191306114196777e-01,-9.712134003639221191e-01,8.053291440010070801e-01,-1.622431874275207520e-01
-5.775610804557800293e-01,-1.310265362262725830e-01,-6.956586837768554688e-01,2.731582224369049072e-01,2.953839898109436035e-01,6.536206007003784180e-01,-8.290941119194030762e-01,-4.060428142547607422e-01,-7.978595048189163208e-02,-9.280934333801269531e-01
-8.440349102020263672e-01,-4.272213280200958252e-01,8.213902115821838379e-01,6.464650034904479980e-01,2.025125026702880859e-01,-1.736529767513275146e-01,5.698391199111938477e-01,-9.368579089641571045e-02,-8.652990311384201050e-02,-1.174238994717597961e-01
3.832694590091705322e-01,-2.871891856193542480e-01,5.173164606094360352e-01,-6.322924494743347168e-01,-8.759235739707946777e-01,-2.599606812000274658e-01,6.658858060836791992e-01,8.401767611503601074e-01,-5.695796608924865723e-01,7.235089540481567383e-01
7.196841835975646973e-01,2.900025248527526855e-02,3.442009687423706055e-01,-9.337531328201293945e-01,-9.750376343727111816e-01,-8.686439394950866699e-01,3.994013965129852295e-01,7.303735017776489258e-01,-8.541467785835266113e-01,-3.983331844210624695e-02
