-8.559513092041015625e-01,8.931839466094970703e-01,-9.304486513137817383e-01,8.020013570785522461e-01,9.088609814643859863e-01,8.839579224586486816e-01,9.454941749572753906e-01,9.066644906997680664e-01,-9.529913067817687988e-01,9.334235787391662598e-01
2.945929765701293945e-01,-3.589395880699157715e-01,3.833330273628234863e-01,-2.776356041431427002e-01,-3.624688386917114258e-01,-3.508615195751190186e-01,-4.054871201515197754e-01,-3.749874830245971680e-01,4.321595430374145508e-01,-3.906557559967041016e-01
-6.178878247737884521e-02,7.125547621399164200e-03,-5.440845340490341187e-02,-4.862933978438377380e-02,1.029908750206232071e-02,1.767765171825885773e-02,1.165837142616510391e-02,-9.775454178452491760e-03,-2.051870152354240417e-02,2.786346012726426125e-03
-5.111762881278991699e-01,5.994367003440856934e-01,-6.395246982574462891e-01,4.699313938617706299e-01,6.184903979301452637e-01,5.415331721305847168e-01,6.760925650596618652e-01,5.741195678710937500e-01,-6.752442121505737305e-01,6.440292596817016602e-01
-3.340141475200653076e-01,4.033298194408416748e-01,-4.238504171371459961e-01,3.067786991596221924e-01,4.148325920104980469e-01,4.116609990596771240e-01,4.683426022529602051e-01,3.500328361988067627e-01,-4.500372111797332764e-01,4.553795754909515381e-01
-7.802071571350097656e-01,8.456363677978515625e-01,-8.875814676284790039e-01,7.495254278182983398e-01,8.573191165924072266e-01,8.409345149993896484e-01,9.122610092163085938e-01,8.456822633743286133e-01,-9.232388734817504883e-01,8.925733566284179688e-01
4.356576204299926758e-01,-4.670045375823974609e-01,5.219267010688781738e-01,-3.815871477127075195e-01,-4.984873831272125244e-01,-4.414066672325134277e-01,-5.447474122047424316e-01,-4.828471839427947998e-01,5.758423805236816406e-01,-5.373772978782653809e-01
3.759869039058685303e-01,-4.418872594833374023e-01,4.671975076198577881e-01,-3.414933085441589355e-01,-4.449063837528228760e-01,-4.160337746143341064e-01,-4.951412081718444824e-01,-4.662181735038757324e-01,5.226873755455017090e-01,-4.816486835479736328e-01
-6.586682796478271484e-01,7.246590852737426758e-01,-7.671447396278381348e-01,6.170052289962768555e-01,7.366367578506469727e-01,6.987515091896057129e-01,8.285808563232421875e-01,7.436236143112182617e-01,-8.111054897308349609e-01,7.609553337097167969e-01
-3.262130916118621826e-01,2.968991100788116455e-01,-3.858902454376220703e-01,2.498460114002227783e-01,3.762964904308319092e-01,3.263833522796630859e-01,4.288134574890136719e-01,4.053922593593597412e-01,-4.223070442676544189e-01,3.868957161903381348e-01
5.313293933868408203e-01,-6.342248916625976562e-01,6.563389301300048828e-01,-5.194075107574462891e-01,-6.134849190711975098e-01,-5.867688655853271484e-01,-6.942717432975769043e-01,-5.999146699905395508e-01,7.304709553718566895e-01,-6.828688979148864746e-01
-2.496813982725143433e-01,2.555541396141052246e-01,-3.576278686523437500e-01,2.166249305009841919e-01,3.509508073329925537e-01,2.340241968631744385e-01,3.122270405292510986e-01,2.630050778388977051e-01,-3.160500526428222656e-01,3.371008336544036865e-01
5.762022137641906738e-01,-6.512102484703063965e-01,6.958174109458923340e-01,-5.510846972465515137e-01,-6.677418351173400879e-01,-6.421494483947753906e-01,-7.389776110649108887e-01,-6.653167009353637695e-01,7.627189159393310547e-01,-7.185053229331970215e-01
7.823241949081420898e-01,-8.644644021987915039e-01,8.764066100120544434e-01,-7.447983026504516602e-01,-8.477535247802734375e-01,-8.356505036354064941e-01,-9.081438183784484863e-01,-8.313875198364257812e-01,9.099941253662109375e-01,-8.802209496498107910e-01
2.948801517486572266e-01,-3.090386688709259033e-01,3.462053537368774414e-01,-2.343195378780364990e-01,-3.452662825584411621e-01,-3.024269640445709229e-01,-3.786272108554840088e-01,-3.757768571376800537e-01,3.609645664691925049e-01,-3.269912302494049072e-01
1.971795409917831421e-01,-2.627642154693603516e-01,2.667898535728454590e-01,-1.934127807617187500e-01,-2.315292209386825562e-01,-2.204419970512390137e-01,-2.676680088043212891e-01,-2.243504673242568970e-01,3.040752410888671875e-01,-2.716481089591979980e-01
-1.720302999019622803e-01,1.917765438556671143e-01,-2.670742869377136230e-01,1.448012292385101318e-01,2.486010193824768066e-01,2.207984626293182373e-01,2.331120669841766357e-01,2.272624522447586060e-01,-2.580644190311431885e-01,2.455695718526840210e-01
-3.974827229976654053e-01,4.258508980274200439e-01,-4.392878115177154541e-01,2.956022024154663086e-01,3.941901326179504395e-01,3.911173641681671143e-01,5.397471785545349121e-01,4.888733923435211182e-01,-4.926815330982208252e-01,4.104099571704864502e-01
-4.172172844409942627e-01,4.660980403423309326e-01,-5.392442345619201660e-01,3.693931102752685547e-01,4.996985197067260742e-01,4.942611157894134521e-01,5.771133303642272949e-01,5.300585627555847168e-01,-5.817114710807800293e-01,5.141412615776062012e-01
-4.434087574481964111e-01,4.443657100200653076e-01,-5.364082455635070801e-01,3.546907007694244385e-01,5.236705541610717773e-01,4.612959623336791992e-01,5.792948603630065918e-01,5.249886512756347656e-01,-5.383177399635314941e-01,4.974726140499114990e-01
-6.040641665458679199e-01,6.849853992462158203e-01,-7.247244119644165039e-01,5.633760690689086914e-01,7.084441184997558594e-01,6.551068425178527832e-01,7.780555486679077148e-01,7.139090895652770996e-01,-7.678985595703125000e-01,7.249296307563781738e-01
-5.302890539169311523e-01,6.000500321388244629e-01,-6.515225172042846680e-01,4.707199335098266602e-01,6.227405667304992676e-01,5.600609779357910156e-01,6.897888183593750000e-01,6.174799799919128418e-01,-6.875639557838439941e-01,6.308112144470214844e-01
5.036439299583435059e-01,-5.110667347908020020e-01,5.987170934677124023e-01,-4.058395326137542725e-01,-5.638965964317321777e-01,-4.882937669754028320e-01,-6.157575845718383789e-01,-5.787016749382019043e-01,6.247036457061767578e-01,-5.546009540557861328e-01
3.208159655332565308e-02,-2.961958572268486023e-02,1.222579739987850189e-02,-2.685302682220935822e-02,-2.056862413883209229e-02,-2.548361010849475861e-02,-2.222328819334506989e-02,-2.785371802747249603e-02,2.229974605143070221e-02,-3.601984307169914246e-02
-2.663724124431610107e-01,3.560208380222320557e-01,-3.411171734333038330e-01,2.532916963100433350e-01,3.004865050315856934e-01,2.844902575016021729e-01,4.052834212779998779e-01,2.569746971130371094e-01,-3.674414157867431641e-01,3.251584172248840332e-01
1.058757603168487549e-01,-1.484174579381942749e-01,1.454792469739913940e-01,-1.154191344976425171e-01,-1.363355666399002075e-01,-1.141947731375694275e-01,-1.425767391920089722e-01,-1.108209341764450073e-01,1.629794389009475708e-01,-1.476921737194061279e-01
4.278914332389831543e-01,-5.170910358428955078e-01,5.480056405067443848e-01,-4.049735963344573975e-01,-5.118249654769897461e-01,-4.750068783760070801e-01,-5.628931522369384766e-01,-4.751540422439575195e-01,5.880573987960815430e-01,-5.482951402664184570e-01
-3.200780153274536133e-01,3.111053407192230225e-01,-3.998897373676300049e-01,2.467915415763854980e-01,3.694344162940979004e-01,3.150711357593536377e-01,4.204658269882202148e-01,3.513784706592559814e-01,-4.185937047004699707e-01,3.739721179008483887e-01
5.729229450225830078e-01,-6.638084053993225098e-01,6.999953985214233398e-01,-5.385810732841491699e-01,-6.580545902252197266e-01,-6.403284668922424316e-01,-7.296656370162963867e-01,-6.647298932075500488e-01,7.535734176635742188e-01,-7.051671743392944336e-01
1.173631995916366577e-01,-1.278581172227859497e-01,1.374694705009460449e-01,-1.105954796075820923e-01,-1.428983062505722046e-01,-1.788015514612197876e-01,-1.550314277410507202e-01,-1.465961933135986328e-01,1.622725725173950195e-01,-1.782428175210952759e-01
-5.416566729545593262e-01,6.029630899429321289e-01,-6.604659557342529297e-01,4.667089283466339111e-01,6.078119874000549316e-01,5.775197744369506836e-01,6.996042728424072266e-01,6.096743345260620117e-01,-7.127378582954406738e-01,6.452809572219848633e-01
3.862168788909912109e-01,-4.320358335971832275e-01,4.733994603157043457e-01,-3.505047857761383057e-01,-4.434326887130737305e-01,-4.125076532363891602e-01,-5.057867765426635742e-01,-4.188432991504669189e-01,5.200812220573425293e-01,-4.878274500370025635e-01
4.466773867607116699e-01,-5.354558825492858887e-01,5.561311841011047363e-01,-4.041412174701690674e-01,-5.115095376968383789e-01,-5.084581971168518066e-01,-5.806978940963745117e-01,-4.979849159717559814e-01,6.035732030868530273e-01,-5.555897355079650879e-01
-9.269910454750061035e-01,9.588917493820190430e-01,-9.695400595664978027e-01,8.953658342361450195e-01,9.614806175231933594e-01,9.415928721427917480e-01,9.826971292495727539e-01,9.559534788131713867e-01,-9.802623391151428223e-01,9.689388275146484375e-01
-6.227031350135803223e-01,6.803563833236694336e-01,-7.298130393028259277e-01,5.616165995597839355e-01,6.954381465911865234e-01,6.712239980697631836e-01,7.682771086692810059e-01,6.523609161376953125e-01,-7.817560434341430664e-01,7.603811621665954590e-01
3.997859358787536621e-01,-4.770452678203582764e-01,4.976196885108947754e-01,-3.891671001911163330e-01,-4.682244658470153809e-01,-4.477187395095825195e-01,-5.471786856651306152e-01,-4.473468363285064697e-01,5.451595783233642578e-01,-5.053784251213073730e-01
7.266437411308288574e-01,-7.925809025764465332e-01,8.180547952651977539e-01,-6.685728430747985840e-01,-8.025434017181396484e-01,-7.768536806106567383e-01,-8.643881082534790039e-01,-8.163944482803344727e-01,8.573936820030212402e-01,-8.210847973823547363e-01
3.055717647075653076e-01,-3.739857077598571777e-01,4.021161496639251709e-01,-3.021516799926757812e-01,-3.793703615665435791e-01,-3.471806347370147705e-01,-4.342743158340454102e-01,-4.077782928943634033e-01,4.515230953693389893e-01,-3.990746438503265381e-01
1.758465468883514404e-01,-2.070213258266448975e-01,2.286826223134994507e-01,-1.575731933116912842e-01,-2.265003770589828491e-01,-1.725552827119827271e-01,-2.392920255661010742e-01,-2.287099361419677734e-01,2.390077710151672363e-01,-2.010557204484939575e-01
7.915206551551818848e-01,-8.502892851829528809e-01,8.779020309448242188e-01,-7.260051965713500977e-01,-8.477008342742919922e-01,-8.280152678489685059e-01,-9.045693278312683105e-01,-8.477877378463745117e-01,9.103032946586608887e-01,-8.733901381492614746e-01
2.540599107742309570e-01,-3.302276134490966797e-01,3.411744832992553711e-01,-2.616392970085144043e-01,-3.161473572254180908e-01,-3.046978414058685303e-01,-3.488445281982421875e-01,-2.695811986923217773e-01,3.847056627273559570e-01,-3.632425665855407715e-01
1.266037523746490479e-01,-1.916172802448272705e-01,1.929310858249664307e-01,-1.805083155632019043e-01,-2.041593641042709351e-01,-1.638270616531372070e-01,-1.922198832035064697e-01,-1.137712672352790833e-01,2.002986967563629150e-01,-2.217117547988891602e-01
4.407389461994171143e-01,-4.681058228015899658e-01,5.427166819572448730e-01,-3.668852746486663818e-01,-4.988272488117218018e-01,-4.662323594093322754e-01,-5.458321571350097656e-01,-5.118863582611083984e-01,5.753825902938842773e-01,-5.186629891395568848e-01
1.168333832174539566e-02,-6.161038577556610107e-02,4.440707713365554810e-02,-4.318768158555030823e-02,-5.444839224219322205e-02,-4.792694002389907837e-02,-1.086879521608352661e-02,-3.009591065347194672e-02,4.485212638974189758e-02,-5.702074244618415833e-02
2.064383476972579956e-01,-2.433822005987167358e-01,2.515159845352172852e-01,-1.736475378274917603e-01,-2.597423195838928223e-01,-2.055413126945495605e-01,-2.636442482471466064e-01,-2.600821852684020996e-01,2.373872399330139160e-01,-2.258081436157226562e-01
2.234435826539993286e-01,-2.964335680007934570e-01,2.948258817195892334e-01,-2.323167324066162109e-01,-2.493178397417068481e-01,-2.527226507663726807e-01,-3.059693276882171631e-01,-2.048688530921936035e-01,3.437695205211639404e-01,-3.106126785278320312e-01
6.804932951927185059e-01,-7.598996162414550781e-01,7.968921661376953125e-01,-6.450530290603637695e-01,-7.658607363700866699e-01,-7.316172122955322266e-01,-8.295093774795532227e-01,-7.520399689674377441e-01,8.411415219306945801e-01,-7.994738221168518066e-01
4.929822981357574463e-01,-5.857765674591064453e-01,6.238335371017456055e-01,-4.727070331573486328e-01,-5.781711935997009277e-01,-5.389397740364074707e-01,-6.506668329238891602e-01,-5.634160041809082031e-01,6.732149720191955566e-01,-6.222435235977172852e-01
-4.367023110389709473e-01,5.047921538352966309e-01,-5.637475252151489258e-01,3.878007829189300537e-01,5.060975551605224609e-01,4.374667704105377197e-01,5.970059037208557129e-01,5.378267765045166016e-01,-6.205443739891052246e-01,5.330363512039184570e-01
-8.145446181297302246e-01,8.864913582801818848e-01,-9.080973267555236816e-01,7.836796641349792480e-01,8.856283426284790039e-01,8.633443117141723633e-01,9.357821941375732422e-01,8.729928731918334961e-01,-9.290679097175598145e-01,8.997100591659545898e-01
-2.445341348648071289e-01,4.358378648757934570e-01,-4.182418286800384521e-01,3.392536044120788574e-01,4.258027374744415283e-01,4.165263473987579346e-01,4.470564424991607666e-01,3.936158120632171631e-01,-4.878651201725006104e-01,4.991970658302307129e-01
1.191596984863281250e-01,-1.295666694641113281e-01,1.181147992610931396e-01,-9.161838144063949585e-02,-1.258772313594818115e-01,-1.441614627838134766e-01,-1.499851047992706299e-01,-1.587474197149276733e-01,1.161766648292541504e-01,-1.285485625267028809e-01
3.980789482593536377e-01,-5.169733166694641113e-01,5.123869776725769043e-01,-4.036237299442291260e-01,-4.949303865432739258e-01,-4.699435234069824219e-01,-5.525870323181152344e-01,-4.466340541839599609e-01,5.601176023483276367e-01,-5.221056938171386719e-01
3.434675335884094238e-01,-4.023747444152832031e-01,4.542811810970306396e-01,-3.308422863483428955e-01,-4.428053200244903564e-01,-3.903850913047790527e-01,-4.638071954250335693e-01,-4.197683930397033691e-01,4.881562292575836182e-01,-4.563145041465759277e-01
2.717857062816619873e-01,-2.952018678188323975e-01,3.402951359748840332e-01,-2.070265561342239380e-01,-3.352045118808746338e-01,-3.029904961585998535e-01,-3.134854435920715332e-01,-3.434407413005828857e-01,3.352456390857696533e-01,-3.308716416358947754e-01
5.049055218696594238e-01,-5.753186941146850586e-01,6.068494915962219238e-01,-4.625640809535980225e-01,-5.792006850242614746e-01,-5.482410788536071777e-01,-6.537463068962097168e-01,-5.812532305717468262e-01,6.610073447227478027e-01,-6.125514507293701172e-01
6.124987006187438965e-01,-6.977313160896301270e-01,7.461509704589843750e-01,-5.854526162147521973e-01,-7.072230577468872070e-01,-6.646392345428466797e-01,-7.693468928337097168e-01,-6.937137842178344727e-01,7.877250909805297852e-01,-7.418345808982849121e-01
-6.788495182991027832e-01,7.720877528190612793e-01,-8.056838512420654297e-01,6.482501626014709473e-01,7.913336157798767090e-01,7.604483366012573242e-01,8.407174944877624512e-01,7.726395130157470703e-01,-8.419573903083801270e-01,8.156599402427673340e-01
6.004059314727783203e-01,-6.713144779205322266e-01,7.375410199165344238e-01,-5.576699972152709961e-01,-6.903485059738159180e-01,-6.458560824394226074e-01,-7.358198165893554688e-01,-6.706202030181884766e-01,7.798755764961242676e-01,-7.346743345260620117e-01
-2.100830972194671631e-01,2.403829544782638550e-01,-2.591740190982818604e-01,1.759904772043228149e-01,2.450177967548370361e-01,2.230685353279113770e-01,3.027683198451995850e-01,2.117319703102111816e-01,-2.896071076393127441e-01,2.741102278232574463e-01
-2.963604032993316650e-01,3.643230795860290527e-01,-3.718120157718658447e-01,2.926087677478790283e-01,3.388881087303161621e-01,3.612774312496185303e-01,4.731539487838745117e-01,3.893698453903198242e-01,-4.738783836364746094e-01,4.061084389686584473e-01
-4.606498181819915771e-01,4.957699775695800781e-01,-5.614219903945922852e-01,3.684664368629455566e-01,5.100345611572265625e-01,4.852149188518524170e-01,5.957522392272949219e-01,5.233921408653259277e-01,-5.985071659088134766e-01,5.422537326812744141e-01
-7.606831192970275879e-01,8.046051263809204102e-01,-8.632798194885253906e-01,7.087141871452331543e-01,8.338959217071533203e-01,8.113420009613037109e-01,8.965972661972045898e-01,8.373376727104187012e-01,-8.969763517379760742e-01,8.611949086189270020e-01
2.042742073535919189e-01,-2.642359435558319092e-01,2.611121833324432373e-01,-2.069371640682220459e-01,-2.410264760255813599e-01,-2.469433695077896118e-01,-2.906146943569183350e-01,-2.507192194461822510e-01,3.173384964466094971e-01,-2.915907502174377441e-01
5.712249279022216797e-01,-6.393994092941284180e-01,6.870188117027282715e-01,-5.235711336135864258e-01,-6.520534753799438477e-01,-6.315408349037170410e-01,-7.166437506675720215e-01,-6.433361768722534180e-01,7.401995062828063965e-01,-6.984373331069946289e-01
2.746185362339019775e-01,-3.063299059867858887e-01,3.204088509082794189e-01,-2.438751608133316040e-01,-2.882694303989410400e-01,-2.868686616420745850e-01,-3.708120882511138916e-01,-3.171083629131317139e-01,3.862791061401367188e-01,-3.430460989475250244e-01
4.988622367382049561e-01,-5.306685566902160645e-01,5.378741025924682617e-01,-4.221477806568145752e-01,-5.401607751846313477e-01,-5.087580084800720215e-01,-6.408473253250122070e-01,-5.407285094261169434e-01,5.753380656242370605e-01,-5.414647459983825684e-01
-6.685397624969482422e-01,6.991767883300781250e-01,-7.707981467247009277e-01,5.823026895523071289e-01,7.262597084045410156e-01,7.011358141899108887e-01,8.071631789207458496e-01,7.205757498741149902e-01,-8.012679815292358398e-01,7.588918209075927734e-01
7.329481840133666992e-01,-7.911326289176940918e-01,8.218079805374145508e-01,-6.637564897537231445e-01,-7.874088287353515625e-01,-7.777516245841979980e-01,-8.598631024360656738e-01,-7.949978709220886230e-01,8.655121326446533203e-01,-8.321616649627685547e-01
-2.018144577741622925e-01,2.194003611803054810e-01,-2.626191079616546631e-01,1.289821714162826538e-01,2.230782210826873779e-01,1.923927068710327148e-01,2.653929591178894043e-01,2.346443086862564087e-01,-2.886252403259277344e-01,2.313558608293533325e-01
1.037079617381095886e-01,-2.088250666856765747e-01,1.653942167758941650e-01,-1.246120557188987732e-01,-1.805367767810821533e-01,-1.750094294548034668e-01,-1.522133797407150269e-01,-1.817783266305923462e-01,1.758121103048324585e-01,-1.729206293821334839e-01
-4.629155695438385010e-01,5.834975242614746094e-01,-6.005560159683227539e-01,4.442386627197265625e-01,5.780768990516662598e-01,5.484951734542846680e-01,6.310027241706848145e-01,5.497900247573852539e-01,-6.441456675529479980e-01,6.159756779670715332e-01
-5.194528698921203613e-01,5.825209021568298340e-01,-6.170108318328857422e-01,4.670275747776031494e-01,5.883787870407104492e-01,5.950021743774414062e-01,6.888127326965332031e-01,5.806906223297119141e-01,-6.787542104721069336e-01,6.587857007980346680e-01
-1.614079773426055908e-01,2.220848053693771362e-01,-1.933790147304534912e-01,1.684216409921646118e-01,1.791558861732482910e-01,2.118873745203018188e-01,2.801657319068908691e-01,1.974951624870300293e-01,-2.762506306171417236e-01,2.582958936691284180e-01
-4.358627796173095703e-01,4.399100542068481445e-01,-4.844495952129364014e-01,3.803887069225311279e-01,4.375588893890380859e-01,4.502289295196533203e-01,6.142178773880004883e-01,4.882596135139465332e-01,-5.777451992034912109e-01,5.170308351516723633e-01
-5.728275179862976074e-01,6.251668930053710938e-01,-6.741536259651184082e-01,4.914788901805877686e-01,6.453051567077636719e-01,6.047199368476867676e-01,7.210106253623962402e-01,6.523687243461608887e-01,-7.215349674224853516e-01,6.733075976371765137e-01
-6.933031082153320312e-01,7.652305960655212402e-01,-8.129287362098693848e-01,6.616650819778442383e-01,7.970370650291442871e-01,7.636172175407409668e-01,8.476264476776123047e-01,7.922286987304687500e-01,-8.570742011070251465e-01,8.382502794265747070e-01
6.922506690025329590e-01,-7.798154354095458984e-01,8.120837211608886719e-01,-6.549973487854003906e-01,-7.769383788108825684e-01,-7.355617284774780273e-01,-8.371666073799133301e-01,-7.716475725173950195e-01,8.518861532211303711e-01,-8.070373535156250000e-01
-4.362943172454833984e-01,4.585792720317840576e-01,-5.450794100761413574e-01,3.778210878372192383e-01,5.337757468223571777e-01,4.866366684436798096e-01,5.753438472747802734e-01,5.215875506401062012e-01,-5.715191364288330078e-01,5.469559431076049805e-01
-5.296027660369873047e-01,5.992832183837890625e-01,-6.349493861198425293e-01,4.511615037918090820e-01,6.092808246612548828e-01,6.075326800346374512e-01,6.810773611068725586e-01,6.009286046028137207e-01,-6.750604510307312012e-01,6.354545354843139648e-01
-1.720524281263351440e-01,2.028632313013076782e-01,-2.310252487659454346e-01,1.459420472383499146e-01,2.313539236783981323e-01,1.454550772905349731e-01,2.619630694389343262e-01,2.097391337156295776e-01,-2.201918661594390869e-01,1.822279989719390869e-01
2.498511373996734619e-01,-2.901981472969055176e-01,3.081011176109313965e-01,-2.183763384819030762e-01,-2.722974419593811035e-01,-3.013387918472290039e-01,-3.338961303234100342e-01,-3.107593059539794922e-01,3.739137351512908936e-01,-3.329524993896484375e-01
6.227464079856872559e-01,-7.115274071693420410e-01,7.385446429252624512e-01,-5.753442645072937012e-01,-7.141430974006652832e-01,-6.837862133979797363e-01,-7.741395235061645508e-01,-7.085601091384887695e-01,7.743549942970275879e-01,-7.363221645355224609e-01
4.898044764995574951e-01,-5.432753562927246094e-01,5.860596299171447754e-01,-4.552168250083923340e-01,-5.565650463104248047e-01,-5.306695103645324707e-01,-6.226597428321838379e-01,-5.340521335601806641e-01,6.502757072448730469e-01,-6.232692003250122070e-01
-1.214833185076713562e-01,1.846609562635421753e-01,-1.877056807279586792e-01,1.405805051326751709e-01,1.873235106468200684e-01,1.460990458726882935e-01,2.389540523290634155e-01,2.000184357166290283e-01,-2.105850130319595337e-01,1.707949787378311157e-01
-7.433979511260986328e-01,7.927311062812805176e-01,-8.361960053443908691e-01,6.684761047363281250e-01,7.939112782478332520e-01,7.642965316772460938e-01,8.705757260322570801e-01,7.847665548324584961e-01,-8.757064938545227051e-01,8.407117724418640137e-01
-2.410516738891601562e-01,2.344677746295928955e-01,-2.942345738410949707e-01,1.934572160243988037e-01,2.465411424636840820e-01,2.116732299327850342e-01,3.474005162715911865e-01,3.069722354412078857e-01,-3.518467247486114502e-01,2.881115972995758057e-01
4.450457394123077393e-01,-5.230040550231933594e-01,5.639697313308715820e-01,-4.056266248226165771e-01,-5.178739428520202637e-01,-4.858812689781188965e-01,-5.702590942382812500e-01,-4.817021489143371582e-01,6.103276610374450684e-01,-5.705605745315551758e-01
-7.257315516471862793e-01,7.872052192687988281e-01,-8.254258036613464355e-01,6.716344952583312988e-01,7.983110547065734863e-01,7.768360376358032227e-01,8.719505667686462402e-01,7.809302806854248047e-01,-8.477385640144348145e-01,8.208128809928894043e-01
4.787544161081314087e-02,-2.752655372023582458e-02,6.342180073261260986e-02,-2.535246871411800385e-02,-4.764919728040695190e-02,-4.614496976137161255e-02,-1.451352052390575409e-02,-4.902685433626174927e-02,4.680408909916877747e-02,-4.470808804035186768e-02
3.782370388507843018e-01,-4.229304194450378418e-01,4.756292104721069336e-01,-3.408177196979522705e-01,-4.406631588935852051e-01,-4.183314442634582520e-01,-4.895035624504089355e-01,-4.327313005924224854e-01,5.232001543045043945e-01,-4.786079823970794678e-01
-1.325922310352325439e-01,1.405251026153564453e-01,-1.787193417549133301e-01,1.139670833945274353e-01,1.532832831144332886e-01,1.663632392883300781e-01,2.162253409624099731e-01,1.967935413122177124e-01,-2.019304037094116211e-01,1.564540714025497437e-01
1.858286857604980469e-01,-2.371069639921188354e-01,2.477155327796936035e-01,-1.826300173997879028e-01,-2.392386794090270996e-01,-2.222752720117568970e-01,-2.678266465663909912e-01,-2.445443421602249146e-01,2.601813375949859619e-01,-2.228740155696868896e-01
3.086401224136352539e-01,-3.308015167713165283e-01,3.606926798820495605e-01,-2.540184259414672852e-01,-3.447347879409790039e-01,-3.208647072315216064e-01,-4.118106365203857422e-01,-3.589923083782196045e-01,3.865621685981750488e-01,-3.435974717140197754e-01
2.504544854164123535e-01,-2.486241459846496582e-01,3.059353232383728027e-01,-1.864777356386184692e-01,-2.890912592411041260e-01,-2.723776102066040039e-01,-2.911381423473358154e-01,-3.188297748565673828e-01,3.290561735630035400e-01,-2.968874871730804443e-01
-3.224733173847198486e-01,3.763988614082336426e-01,-4.071384966373443604e-01,2.849657237529754639e-01,4.030922353267669678e-01,3.662750720977783203e-01,4.717358350753784180e-01,4.543861448764801025e-01,-4.362347126007080078e-01,4.006717205047607422e-01
1.414589285850524902e-01,-1.586323678493499756e-01,1.812870651483535767e-01,-1.200022995471954346e-01,-1.784089803695678711e-01,-1.768140643835067749e-01,-1.652356535196304321e-01,-1.942904591560363770e-01,1.908110082149505615e-01,-1.933441609144210815e-01
-3.289066255092620850e-01,3.813291788101196289e-01,-4.596490859985351562e-01,2.991534769535064697e-01,4.134993553161621094e-01,3.531786203384399414e-01,4.724318981170654297e-01,3.845289945602416992e-01,-4.792743921279907227e-01,4.171967804431915283e-01
1.522497832775115967e-01,-1.918520331382751465e-01,1.940193027257919312e-01,-1.550698727369308472e-01,-1.851984709501266479e-01,-1.438790112733840942e-01,-2.243432700634002686e-01,-1.707274168729782104e-01,2.070095390081405640e-01,-1.768372356891632080e-01
3.997976779937744141e-01,-4.612503349781036377e-01,4.835313558578491211e-01,-3.549274206161499023e-01,-4.614980816841125488e-01,-4.288654029369354248e-01,-5.243227481842041016e-01,-4.570863544940948486e-01,5.216307640075683594e-01,-4.834105968475341797e-01
2.770110368728637695e-01,-3.517791330814361572e-01,3.575779199600219727e-01,-2.630060911178588867e-01,-3.328356742858886719e-01,-3.136454224586486816e-01,-3.851414620876312256e-01,-3.246206343173980713e-01,4.031457304954528809e-01,-3.578826785087585449e-01
3.482760190963745117e-01,-3.951353430747985840e-01,4.282163679599761963e-01,-3.187610805034637451e-01,-4.063210189342498779e-01,-3.947395086288452148e-01,-4.650828838348388672e-01,-3.968689441680908203e-01,4.737149775028228760e-01,-4.462726712226867676e-01
2.063654959201812744e-01,-2.440278828144073486e-01,2.508353292942047119e-01,-1.616688817739486694e-01,-2.371504008769989014e-01,-2.162527143955230713e-01,-2.665959894657135010e-01,-2.426438480615615845e-01,2.588272988796234131e-01,-2.251811623573303223e-01
3.298868238925933838e-01,-4.550436139106750488e-01,4.725853204727172852e-01,-3.405976295471191406e-01,-4.326982796192169189e-01,-4.067603051662445068e-01,-4.571635425090789795e-01,-3.722470104694366455e-01,5.072585344314575195e-01,-4.676634073257446289e-01
5.985926985740661621e-01,-6.725404858589172363e-01,7.176863551139831543e-01,-5.621387958526611328e-01,-6.839641928672790527e-01,-6.435626745223999023e-01,-7.477055788040161133e-01,-6.673398613929748535e-01,7.687923908233642578e-01,-7.270460128784179688e-01
-3.208713829517364502e-01,3.731613159179687500e-01,-4.019465744495391846e-01,2.989290356636047363e-01,3.791920840740203857e-01,3.898948132991790771e-01,4.804714918136596680e-01,4.168362021446228027e-01,-4.738378822803497314e-01,4.287595748901367188e-01
-4.897187650203704834e-01,5.303601026535034180e-01,-5.976586937904357910e-01,4.199451804161071777e-01,5.661103129386901855e-01,5.383759140968322754e-01,6.229215264320373535e-01,5.105686783790588379e-01,-6.426364779472351074e-01,6.167118549346923828e-01
-8.010004758834838867e-01,8.767119646072387695e-01,-8.892831802368164062e-01,7.623856663703918457e-01,8.669176697731018066e-01,8.429355621337890625e-01,9.305518865585327148e-01,8.693735599517822266e-01,-9.218078851699829102e-01,8.848262429237365723e-01
3.731744885444641113e-01,-4.673525691032409668e-01,4.943974912166595459e-01,-3.654867112636566162e-01,-4.513635933399200439e-01,-4.459281861782073975e-01,-4.925773143768310547e-01,-4.071618020534515381e-01,5.535228848457336426e-01,-5.164914727210998535e-01
5.199909806251525879e-01,-5.971091985702514648e-01,6.497144103050231934e-01,-4.830434322357177734e-01,-6.135920286178588867e-01,-5.717288851737976074e-01,-6.633399128913879395e-01,-5.873117446899414062e-01,6.910017132759094238e-01,-6.413664221763610840e-01
-5.543275475502014160e-01,6.116627454757690430e-01,-6.795763969421386719e-01,5.126360654830932617e-01,6.344456672668457031e-01,6.285086870193481445e-01,7.266458868980407715e-01,6.330527067184448242e-01,-7.340340614318847656e-01,6.886219382286071777e-01
3.904717266559600830e-01,-5.020623803138732910e-01,4.923936724662780762e-01,-3.915354311466217041e-01,-4.878706336021423340e-01,-4.551405012607574463e-01,-5.482884645462036133e-01,-4.872839152812957764e-01,5.475507378578186035e-01,-5.101904869079589844e-01
1.394324451684951782e-01,-1.323762983083724976e-01,1.854797601699829102e-01,-1.092053577303886414e-01,-1.803475469350814819e-01,-1.469753980636596680e-01,-1.550161093473434448e-01,-2.048844248056411743e-01,2.058888226747512817e-01,-1.782709509134292603e-01
7.809830307960510254e-01,-8.471662998199462891e-01,8.765725493431091309e-01,-7.438849210739135742e-01,-8.513421416282653809e-01,-8.281401991844177246e-01,-9.026442170143127441e-01,-8.536769747734069824e-01,9.128422141075134277e-01,-8.870848417282104492e-01
3.589456081390380859e-01,-4.438309371471405029e-01,4.545690715312957764e-01,-3.335556089878082275e-01,-4.446586370468139648e-01,-4.422251284122467041e-01,-4.699512124061584473e-01,-4.046837985515594482e-01,4.925243854522705078e-01,-4.838001132011413574e-01
6.537644267082214355e-01,-7.653653621673583984e-01,7.816089391708374023e-01,-6.441712379455566406e-01,-7.508136034011840820e-01,-7.148941159248352051e-01,-8.263086676597595215e-01,-7.484987378120422363e-01,8.240610361099243164e-01,-7.747880220413208008e-01
1.868569403886795044e-01,-2.148599028587341309e-01,2.388164550065994263e-01,-2.111047208309173584e-01,-2.307717353105545044e-01,-1.925218552350997925e-01,-2.713778316974639893e-01,-2.173150479793548584e-01,3.062497079372406006e-01,-2.746214866638183594e-01
-2.223294675350189209e-01,2.997538745403289795e-01,-2.799343168735504150e-01,2.128954678773880005e-01,2.760614454746246338e-01,2.220758795738220215e-01,3.683007061481475830e-01,2.501991391181945801e-01,-2.762028872966766357e-01,2.474647462368011475e-01
-6.976221799850463867e-01,8.000838756561279297e-01,-8.374554514884948730e-01,6.940783858299255371e-01,8.049332499504089355e-01,7.592748403549194336e-01,8.655706644058227539e-01,8.141692876815795898e-01,-8.858214616775512695e-01,8.382429480552673340e-01
1.555053330957889557e-02,-3.773977234959602356e-02,3.361010551452636719e-02,-4.376549273729324341e-02,-2.855902351438999176e-02,-2.283017709851264954e-02,1.695603132247924805e-04,8.011484146118164062e-02,3.994800522923469543e-02,-6.037160009145736694e-02
1.803234815597534180e-01,-2.578651309013366699e-01,2.621188461780548096e-01,-2.041289806365966797e-01,-2.352248728275299072e-01,-2.507090866565704346e-01,-2.698178589344024658e-01,-2.468457072973251343e-01,3.230112493038177490e-01,-2.825709879398345947e-01
4.620584845542907715e-01,-5.000606179237365723e-01,5.602712035179138184e-01,-3.941296041011810303e-01,-5.244413614273071289e-01,-4.823237061500549316e-01,-5.768944621086120605e-01,-5.132130980491638184e-01,5.877693295478820801e-01,-5.423705577850341797e-01
-9.274213314056396484e-01,9.646444320678710938e-01,-9.762277603149414062e-01,9.036377668380737305e-01,9.664885401725769043e-01,9.584156274795532227e-01,9.828157424926757812e-01,9.638160467147827148e-01,-9.847447872161865234e-01,9.757884144783020020e-01
7.872584462165832520e-02,-7.564909756183624268e-02,1.110747233033180237e-01,-1.165154874324798584e-01,-1.151420101523399353e-01,-9.166686236858367920e-02,-1.126284226775169373e-01,-8.136193454265594482e-02,1.394936442375183105e-01,-1.415746808052062988e-01
2.463105171918869019e-01,-2.791993319988250732e-01,3.023245036602020264e-01,-2.223484814167022705e-01,-2.885221838951110840e-01,-2.549875676631927490e-01,-3.271056115627288818e-01,-3.091252148151397705e-01,3.194504380226135254e-01,-2.866614162921905518e-01
-3.495096266269683838e-01,3.894500732421875000e-01,-4.221237599849700928e-01,2.593638896942138672e-01,4.005281925201416016e-01,3.642903566360473633e-01,4.493797421455383301e-01,4.215225279331207275e-01,-4.328110218048095703e-01,4.147095084190368652e-01
4.292080998420715332e-01,-5.699134469032287598e-01,5.920706987380981445e-01,-4.462608397006988525e-01,-5.496497154235839844e-01,-5.222124457359313965e-01,-5.811692476272583008e-01,-5.084074735641479492e-01,6.495345234870910645e-01,-6.142835617065429688e-01
3.173993825912475586e-01,-3.468019664287567139e-01,3.848108351230621338e-01,-2.868782579898834229e-01,-3.775872588157653809e-01,-3.401234745979309082e-01,-4.207898378372192383e-01,-3.839253187179565430e-01,4.279754757881164551e-01,-3.983924984931945801e-01
-4.343795180320739746e-01,4.971310496330261230e-01,-5.611319541931152344e-01,4.226170480251312256e-01,5.767042636871337891e-01,4.943744242191314697e-01,6.227908730506896973e-01,5.714021325111389160e-01,-5.983536243438720703e-01,5.656688809394836426e-01
4.872919321060180664e-01,-5.710613131523132324e-01,6.131810545921325684e-01,-4.631462395191192627e-01,-5.681027770042419434e-01,-5.645596981048583984e-01,-6.397998332977294922e-01,-5.661353468894958496e-01,6.797506809234619141e-01,-6.315630078315734863e-01
6.687945127487182617e-01,-7.518159747123718262e-01,7.716961503028869629e-01,-6.126951575279235840e-01,-7.413226366043090820e-01,-7.320683598518371582e-01,-8.161533474922180176e-01,-7.370297908782958984e-01,8.193535804748535156e-01,-7.785253524780273438e-01
5.073055028915405273e-01,-6.040213108062744141e-01,6.356319785118103027e-01,-4.898307919502258301e-01,-6.096459031105041504e-01,-5.893657207489013672e-01,-6.636617779731750488e-01,-5.926859378814697266e-01,6.899591088294982910e-01,-6.544153690338134766e-01
5.032543540000915527e-01,-5.712188482284545898e-01,6.300904750823974609e-01,-4.531649947166442871e-01,-5.787276625633239746e-01,-5.575097203254699707e-01,-6.396780014038085938e-01,-5.855402946472167969e-01,6.690722107887268066e-01,-6.146200895309448242e-01
-7.049800753593444824e-01,7.792558073997497559e-01,-8.343064785003662109e-01,6.644072532653808594e-01,8.141728639602661133e-01,7.464630603790283203e-01,8.540938496589660645e-01,7.955130934715270996e-01,-8.585920333862304688e-01,8.186395168304443359e-01
-8.549795150756835938e-01,9.048237800598144531e-01,-9.254703521728515625e-01,7.884325385093688965e-01,9.080628752708435059e-01,8.808330893516540527e-01,9.432045817375183105e-01,9.074690341949462891e-01,-9.487909078598022461e-01,9.266704916954040527e-01
4.035568237304687500e-01,-5.311413407325744629e-01,5.536864995956420898e-01,-4.465759694576263428e-01,-5.252428054809570312e-01,-4.812138378620147705e-01,-5.751999616622924805e-01,-4.455738365650177002e-01,5.943185687065124512e-01,-5.680958032608032227e-01
-4.403245449066162109e-01,4.925249218940734863e-01,-5.684594511985778809e-01,4.033470749855041504e-01,5.023542046546936035e-01,4.487955272197723389e-01,5.968602895736694336e-01,5.083746910095214844e-01,-6.451143622398376465e-01,5.718033909797668457e-01
2.311718463897705078e-01,-3.089742958545684814e-01,2.963613271713256836e-01,-2.124578505754470825e-01,-2.571928799152374268e-01,-2.782041132450103760e-01,-2.773820161819458008e-01,-1.998073309659957886e-01,3.359737992286682129e-01,-3.470351099967956543e-01
4.987553656101226807e-01,-5.469619035720825195e-01,6.098197102546691895e-01,-4.501583874225616455e-01,-5.841119885444641113e-01,-5.002563595771789551e-01,-6.380780339241027832e-01,-5.795719027519226074e-01,6.413472890853881836e-01,-5.888631939888000488e-01
-6.743429303169250488e-01,7.331498265266418457e-01,-8.005999326705932617e-01,6.193409562110900879e-01,7.902051806449890137e-01,7.378194928169250488e-01,8.138700723648071289e-01,7.575728297233581543e-01,-8.224170804023742676e-01,8.008174300193786621e-01
-4.295592010021209717e-01,4.977003037929534912e-01,-5.500516891479492188e-01,4.052406847476959229e-01,5.295863747596740723e-01,4.731297194957733154e-01,6.059340238571166992e-01,5.427221059799194336e-01,-5.908941626548767090e-01,5.310536623001098633e-01
7.029263377189636230e-01,-7.963451743125915527e-01,8.221251964569091797e-01,-6.800401806831359863e-01,-7.987431883811950684e-01,-7.645744085311889648e-01,-8.413075208663940430e-01,-7.731805443763732910e-01,8.619009256362915039e-01,-8.390423059463500977e-01
1.972557902336120605e-01,-2.817086279392242432e-01,2.327402681112289429e-01,-1.869498640298843384e-01,-2.306157350540161133e-01,-2.500573694705963135e-01,-2.728892266750335693e-01,-2.558321654796600342e-01,2.910704910755157471e-01,-2.706842124462127686e-01
-3.336198329925537109e-01,4.383503496646881104e-01,-4.375277757644653320e-01,2.553786337375640869e-01,4.026400744915008545e-01,4.296534657478332520e-01,4.460959732532501221e-01,4.198504984378814697e-01,-4.582754969596862793e-01,4.232743978500366211e-01
-5.668843388557434082e-01,5.735244750976562500e-01,-6.959695219993591309e-01,4.717797338962554932e-01,6.671258807182312012e-01,6.235765814781188965e-01,7.105987668037414551e-01,6.845847964286804199e-01,-7.134436964988708496e-01,6.669432520866394043e-01
-3.429805338382720947e-01,3.832343220710754395e-01,-4.343439936637878418e-01,3.028479516506195068e-01,4.080465734004974365e-01,3.365134894847869873e-01,4.889034628868103027e-01,4.352765381336212158e-01,-4.611409306526184082e-01,4.016670584678649902e-01
8.144547939300537109e-01,-8.686463236808776855e-01,8.963993191719055176e-01,-7.477033734321594238e-01,-8.690957427024841309e-01,-8.503130674362182617e-01,-9.190846681594848633e-01,-8.718116879463195801e-01,9.229004979133605957e-01,-8.888449072837829590e-01
-2.932778894901275635e-01,3.396984338760375977e-01,-3.597743511199951172e-01,2.381941676139831543e-01,3.137807846069335938e-01,3.765949904918670654e-01,4.155829548835754395e-01,3.295602202415466309e-01,-4.279120266437530518e-01,3.877555727958679199e-01
-8.141470551490783691e-01,8.555938601493835449e-01,-9.014697670936584473e-01,7.440521717071533203e-01,8.802062869071960449e-01,8.466389179229736328e-01,9.186201095581054688e-01,8.723742365837097168e-01,-9.229992032051086426e-01,8.978086709976196289e-01
8.582358956336975098e-01,-9.182232022285461426e-01,9.329158067703247070e-01,-8.231752514839172363e-01,-9.158692955970764160e-01,-8.950833082199096680e-01,-9.516742229461669922e-01,-9.132512807846069336e-01,9.539856314659118652e-01,-9.327001571655273438e-01
-6.528280377388000488e-01,7.848633527755737305e-01,-7.955206632614135742e-01,6.384104490280151367e-01,7.780569791793823242e-01,7.436450123786926270e-01,8.237747550010681152e-01,7.556933164596557617e-01,-8.336029648780822754e-01,8.089339733123779297e-01
4.160757064819335938e-01,-4.636067152023315430e-01,4.842382073402404785e-01,-3.787892460823059082e-01,-4.735309481620788574e-01,-4.670788645744323730e-01,-5.484331846237182617e-01,-4.627490937709808350e-01,5.476941466331481934e-01,-5.256136655807495117e-01
3.159895241260528564e-01,-4.049084186553955078e-01,3.845567107200622559e-01,-3.209385871887207031e-01,-3.574641644954681396e-01,-3.807280957698822021e-01,-4.423705637454986572e-01,-2.954673469066619873e-01,4.406959116458892822e-01,-4.367809593677520752e-01
-3.251087963581085205e-01,4.931579232215881348e-01,-5.019759535789489746e-01,4.107237756252288818e-01,4.352676570415496826e-01,4.539432227611541748e-01,5.367874503135681152e-01,3.464066982269287109e-01,-5.988055467605590820e-01,5.634599328041076660e-01
6.874517798423767090e-01,-7.885043621063232422e-01,8.199308514595031738e-01,-6.723771691322326660e-01,-7.797924280166625977e-01,-7.553823590278625488e-01,-8.435109853744506836e-01,-7.665835618972778320e-01,8.618449568748474121e-01,-8.152365684509277344e-01
2.763884961605072021e-01,-2.435836941003799438e-01,3.261799812316894531e-01,-1.962720006704330444e-01,-3.000328540802001953e-01,-2.353486716747283936e-01,-3.376682102680206299e-01,-3.498430848121643066e-01,3.345774412155151367e-01,-2.647516429424285889e-01
6.700793504714965820e-01,-7.526212334632873535e-01,7.654932141304016113e-01,-6.045119166374206543e-01,-7.336814403533935547e-01,-7.257997989654541016e-01,-8.151168823242187500e-01,-7.388143539428710938e-01,8.134315013885498047e-01,-7.680958509445190430e-01
4.487583041191101074e-01,-5.249037146568298340e-01,5.468086600303649902e-01,-4.179989397525787354e-01,-5.274785161018371582e-01,-5.045928359031677246e-01,-5.859223604202270508e-01,-4.901143610477447510e-01,5.769626498222351074e-01,-5.571747422218322754e-01
1.302139163017272949e-01,-1.802931576967239380e-01,1.587098091840744019e-01,-1.541636139154434204e-01,-1.410513222217559814e-01,-1.692485809326171875e-01,-1.835796833038330078e-01,-1.037132814526557922e-01,2.229348570108413696e-01,-2.240786105394363403e-01
-1.346769034862518311e-01,1.799882203340530396e-01,-1.864246875047683716e-01,1.235530227422714233e-01,1.840568780899047852e-01,1.336024552583694458e-01,2.186519205570220947e-01,1.932316869497299194e-01,-1.850793212652206421e-01,1.584199070930480957e-01
3.455626964569091797e-01,-3.933968245983123779e-01,4.365096688270568848e-01,-3.113177418708801270e-01,-4.152067899703979492e-01,-3.807712793350219727e-01,-4.387663900852203369e-01,-4.027043581008911133e-01,4.857527017593383789e-01,-4.608395695686340332e-01
-7.444393038749694824e-01,8.177910447120666504e-01,-8.467497825622558594e-01,6.954339742660522461e-01,8.236103057861328125e-01,8.013600111007690430e-01,8.853533864021301270e-01,8.230990767478942871e-01,-8.885665535926818848e-01,8.618590235710144043e-01
1.476240456104278564e-01,-1.566027998924255371e-01,2.145264297723770142e-01,-1.379317343235015869e-01,-2.085980176925659180e-01,-1.665475070476531982e-01,-1.878841221332550049e-01,-2.291293144226074219e-01,2.251297235488891602e-01,-1.984015256166458130e-01
6.473834514617919922e-01,-7.579560279846191406e-01,7.760268449783325195e-01,-6.352770924568176270e-01,-7.505171895027160645e-01,-7.133557200431823730e-01,-8.076094985008239746e-01,-7.107746601104736328e-01,8.102331161499023438e-01,-7.729728221893310547e-01
-7.533825039863586426e-01,8.126837015151977539e-01,-8.659827709197998047e-01,6.968328952789306641e-01,8.415954113006591797e-01,8.062475323677062988e-01,8.830498456954956055e-01,8.436651825904846191e-01,-8.923608064651489258e-01,8.597794771194458008e-01
-2.854923605918884277e-01,3.736721575260162354e-01,-3.641707301139831543e-01,2.793270051479339600e-01,3.634983003139495850e-01,3.145570456981658936e-01,4.383329749107360840e-01,3.559578061103820801e-01,-4.116021096706390381e-01,3.760347068309783936e-01
5.416228175163269043e-01,-6.243927478790283203e-01,6.438018083572387695e-01,-4.875372946262359619e-01,-6.366973519325256348e-01,-6.245054602622985840e-01,-6.917415261268615723e-01,-6.521813273429870605e-01,6.849139332771301270e-01,-6.560798287391662598e-01
6.333456039428710938e-01,-7.510082125663757324e-01,7.634823322296142578e-01,-6.153728961944580078e-01,-7.332313656806945801e-01,-7.024608254432678223e-01,-8.022160530090332031e-01,-7.369855046272277832e-01,8.133471012115478516e-01,-7.656503915786743164e-01
-1.621843278408050537e-01,1.944427937269210815e-01,-1.991028934717178345e-01,1.689158529043197632e-01,2.128712385892868042e-01,1.687015146017074585e-01,2.648668587207794189e-01,1.779191195964813232e-01,-2.000450491905212402e-01,2.111704200506210327e-01
3.638865649700164795e-01,-3.900524973869323730e-01,4.405944943428039551e-01,-3.119360208511352539e-01,-4.020793735980987549e-01,-3.829207122325897217e-01,-4.624454379081726074e-01,-3.870875239372253418e-01,4.895812869071960449e-01,-4.558624029159545898e-01
1.815224289894104004e-01,-2.742640972137451172e-01,2.794083356857299805e-01,-2.257845103740692139e-01,-2.663927972316741943e-01,-2.381828874349594116e-01,-2.480296939611434937e-01,-1.476788669824600220e-01,3.141182661056518555e-01,-3.133580982685089111e-01
5.557749867439270020e-01,-6.394329071044921875e-01,6.861879825592041016e-01,-5.211352109909057617e-01,-6.459671258926391602e-01,-5.905250310897827148e-01,-6.961884498596191406e-01,-5.948503613471984863e-01,7.059392929077148438e-01,-6.667099595069885254e-01
5.610142946243286133e-01,-6.477145552635192871e-01,6.783127188682556152e-01,-5.214791297912597656e-01,-6.491891741752624512e-01,-6.289389133453369141e-01,-7.081661224365234375e-01,-6.426888108253479004e-01,7.340828180313110352e-01,-6.963736414909362793e-01
-9.946259856224060059e-02,8.080268651247024536e-02,-1.331999152898788452e-01,2.400068752467632294e-02,6.662703305482864380e-02,8.882094174623489380e-02,1.234446838498115540e-01,1.401704102754592896e-01,-1.763962656259536743e-01,1.056690514087677002e-01
-7.275900840759277344e-01,8.122185468673706055e-01,-8.339433073997497559e-01,6.894435882568359375e-01,8.012221455574035645e-01,7.878060936927795410e-01,8.830990791320800781e-01,7.889958024024963379e-01,-8.751739859580993652e-01,8.355368375778198242e-01
4.073763787746429443e-01,-5.025701522827148438e-01,5.257800817489624023e-01,-3.990177512168884277e-01,-4.788068532943725586e-01,-4.838782250881195068e-01,-5.488604903221130371e-01,-4.357771277427673340e-01,5.781176090240478516e-01,-5.484670996665954590e-01
-7.191507816314697266e-01,7.814893126487731934e-01,-8.276302814483642578e-01,6.765218973159790039e-01,7.837041616439819336e-01,7.362583875656127930e-01,8.648918271064758301e-01,7.625800371170043945e-01,-8.688991665840148926e-01,8.262599706649780273e-01
-5.302650928497314453e-01,5.657855272293090820e-01,-6.403680443763732910e-01,4.418885111808776855e-01,5.908383727073669434e-01,5.558651089668273926e-01,6.749897003173828125e-01,6.154366135597229004e-01,-6.968748569488525391e-01,6.270617842674255371e-01
-7.035583853721618652e-01,7.963359951972961426e-01,-8.077271580696105957e-01,6.420679092407226562e-01,7.696714401245117188e-01,7.608143091201782227e-01,8.692828416824340820e-01,7.865881919860839844e-01,-8.363069295883178711e-01,7.723735570907592773e-01
-3.128066360950469971e-01,3.518810272216796875e-01,-3.725701570510864258e-01,2.735053300857543945e-01,3.807820677757263184e-01,3.061801493167877197e-01,4.418770968914031982e-01,3.422476947307586670e-01,-3.939496576786041260e-01,3.869504928588867188e-01
6.196731328964233398e-01,-7.072833776473999023e-01,7.411726713180541992e-01,-5.825605392456054688e-01,-7.076579332351684570e-01,-6.814268827438354492e-01,-7.640038132667541504e-01,-6.852368712425231934e-01,7.879179716110229492e-01,-7.565172314643859863e-01
3.528267443180084229e-01,-3.927272260189056396e-01,4.264742434024810791e-01,-2.984836697578430176e-01,-4.033720195293426514e-01,-4.085745811462402344e-01,-4.647102057933807373e-01,-4.217506945133209229e-01,4.495467543601989746e-01,-4.176504313945770264e-01
2.764765620231628418e-01,-3.115349113941192627e-01,3.620924353599548340e-01,-2.558531463146209717e-01,-3.236586153507232666e-01,-3.187514543533325195e-01,-3.612897992134094238e-01,-3.166914880275726318e-01,3.906565308570861816e-01,-3.651706874370574951e-01
7.448935508728027344e-01,-8.288099169731140137e-01,8.444672822952270508e-01,-6.897383928298950195e-01,-8.161394000053405762e-01,-8.107733726501464844e-01,-8.763537406921386719e-01,-8.182789683341979980e-01,8.872139453887939453e-01,-8.522039055824279785e-01
4.005157053470611572e-01,-4.456712305545806885e-01,4.746122658252716064e-01,-3.570748269557952881e-01,-4.409753978252410889e-01,-4.216536879539489746e-01,-5.194631814956665039e-01,-4.456580281257629395e-01,5.315658450126647949e-01,-4.857881069183349609e-01
3.880054056644439697e-01,-5.091453790664672852e-01,5.001729726791381836e-01,-3.932109475135803223e-01,-4.727659523487091064e-01,-4.667874872684478760e-01,-5.432510972023010254e-01,-4.263215959072113037e-01,5.477327108383178711e-01,-5.192362070083618164e-01
3.711653649806976318e-01,-4.304556250572204590e-01,4.708859622478485107e-01,-3.340552449226379395e-01,-4.372900128364562988e-01,-4.131945967674255371e-01,-4.875214993953704834e-01,-4.205556213855743408e-01,5.135480165481567383e-01,-4.721081852912902832e-01
-6.127304434776306152e-01,7.364007234573364258e-01,-7.512408494949340820e-01,5.848413705825805664e-01,7.236082553863525391e-01,6.944909691810607910e-01,7.904530167579650879e-01,7.274919152259826660e-01,-8.072674274444580078e-01,7.615119814872741699e-01
-8.456226587295532227e-01,8.993408083915710449e-01,-9.244614839553833008e-01,7.897369265556335449e-01,9.004671573638916016e-01,8.775419592857360840e-01,9.439747929573059082e-01,9.116142392158508301e-01,-9.482141733169555664e-01,9.202108383178710938e-01
3.335257172584533691e-01,-4.195564091205596924e-01,4.274399578571319580e-01,-3.249256610870361328e-01,-4.125969409942626953e-01,-3.977101445198059082e-01,-4.703443646430969238e-01,-4.019875526428222656e-01,4.757074117660522461e-01,-4.383033215999603271e-01
3.477090001106262207e-01,-4.170830249786376953e-01,4.309657514095306396e-01,-3.143238723278045654e-01,-4.000140428543090820e-01,-3.739259839057922363e-01,-4.526424109935760498e-01,-3.685197830200195312e-01,4.638874232769012451e-01,-4.325977563858032227e-01
-4.469286799430847168e-01,5.084208846092224121e-01,-5.288122296333312988e-01,3.980218768119812012e-01,5.108039975166320801e-01,4.780844449996948242e-01,6.126205921173095703e-01,4.882903993129730225e-01,-5.902668237686157227e-01,5.488614439964294434e-01
-6.949568539857864380e-02,1.611994653940200806e-01,-1.028603017330169678e-01,8.569996803998947144e-02,1.003977283835411072e-01,9.216614067554473877e-02,1.440193206071853638e-01,8.289425820112228394e-02,-1.049727648496627808e-01,9.881508350372314453e-02
6.982129216194152832e-01,-7.556685805320739746e-01,8.064937591552734375e-01,-6.484177708625793457e-01,-7.661851048469543457e-01,-7.415969967842102051e-01,-8.330085873603820801e-01,-7.706903815269470215e-01,8.540786504745483398e-01,-8.163499832153320312e-01
1.817968487739562988e-01,-2.360093295574188232e-01,1.922389119863510132e-01,-1.657914221286773682e-01,-2.021228820085525513e-01,-1.715248525142669678e-01,-2.639613747596740723e-01,-1.790159493684768677e-01,1.892822533845901489e-01,-1.722043901681900024e-01
-7.006882429122924805e-01,7.706437706947326660e-01,-7.963156700134277344e-01,6.376549601554870605e-01,7.581254243850708008e-01,7.522988915443420410e-01,8.510958552360534668e-01,7.588280439376831055e-01,-8.494091033935546875e-01,8.068341016769409180e-01
-5.234280824661254883e-01,5.884100198745727539e-01,-6.720826625823974609e-01,4.675528705120086670e-01,6.205601692199707031e-01,5.583314299583435059e-01,6.755895614624023438e-01,6.030303835868835449e-01,-7.077713012695312500e-01,6.473654508590698242e-01
1.278651654720306396e-01,-1.413220018148422241e-01,1.438855379819869995e-01,-1.117898672819137573e-01,-1.670585423707962036e-01,-1.096331924200057983e-01,-1.897275447845458984e-01,-2.364740818738937378e-01,1.427604407072067261e-01,-1.149219125509262085e-01
5.836976766586303711e-01,-6.350509524345397949e-01,6.908586621284484863e-01,-5.076236128807067871e-01,-6.571915149688720703e-01,-6.212197542190551758e-01,-7.190835475921630859e-01,-6.671742200851440430e-01,7.255716919898986816e-01,-6.781191825866699219e-01
-4.953247606754302979e-01,5.694890618324279785e-01,-5.861472487449645996e-01,4.447351694107055664e-01,5.571269989013671875e-01,5.670686364173889160e-01,6.464799642562866211e-01,5.410636067390441895e-01,-6.688141822814941406e-01,6.372166275978088379e-01
1.338488459587097168e-01,-1.819643676280975342e-01,1.747161149978637695e-01,-1.430554986000061035e-01,-1.621464043855667114e-01,-1.978381574153900146e-01,-2.095416933298110962e-01,-1.843971312046051025e-01,2.258273959159851074e-01,-1.982935070991516113e-01
-4.573980271816253662e-01,4.725778698921203613e-01,-5.337449312210083008e-01,3.644797801971435547e-01,5.069511532783508301e-01,4.946547448635101318e-01,6.142807602882385254e-01,5.935145616531372070e-01,-5.859684944152832031e-01,5.157162547111511230e-01
-6.361927390098571777e-01,6.961256265640258789e-01,-7.598398327827453613e-01,6.119645833969116211e-01,7.473495006561279297e-01,6.694873571395874023e-01,8.036917448043823242e-01,7.457871437072753906e-01,-8.086317181587219238e-01,7.806070446968078613e-01
3.441117405891418457e-01,-4.120174944400787354e-01,4.610220193862915039e-01,-3.864367902278900146e-01,-4.415070712566375732e-01,-3.862244486808776855e-01,-5.045646429061889648e-01,-3.580444455146789551e-01,5.085614323616027832e-01,-4.738120436668395996e-01
2.218625247478485107e-01,-2.758330404758453369e-01,2.730863988399505615e-01,-2.051525413990020752e-01,-2.716098427772521973e-01,-2.690315246582031250e-01,-3.167264163494110107e-01,-2.867625355720520020e-01,2.994557321071624756e-01,-2.706929147243499756e-01
