-6.518847942352294922e-01,4.678876996040344238e-01,7.036081552505493164e-01,-5.894250273704528809e-01,9.571444988250732422e-01,-7.491711378097534180e-01,-3.302743136882781982e-01,2.934402525424957275e-01,7.053038477897644043e-01,-7.295861244201660156e-01
-8.411967158317565918e-01,-6.663948297500610352e-01,-3.806389577221125364e-04,5.891854763031005859e-01,6.862629055976867676e-01,9.765573143959045410e-01,-7.100112438201904297e-01,5.883870720863342285e-01,-4.592429101467132568e-01,-3.700009584426879883e-01
-9.056402444839477539e-01,-8.869574666023254395e-01,-7.123050093650817871e-02,6.866512298583984375e-01,5.908849835395812988e-01,9.443868398666381836e-01,-8.495201468467712402e-01,5.479429364204406738e-01,-7.081957161426544189e-02,-9.127618670463562012e-01
-4.812321960926055908e-01,5.623154640197753906e-01,-9.602772593498229980e-01,4.056813120841979980e-01,3.921357989311218262e-01,-8.357235789299011230e-01,9.809142351150512695e-01,-6.094315052032470703e-01,5.151899456977844238e-01,-6.401804089546203613e-01
-8.518768548965454102e-01,-4.234076142311096191e-01,7.833136320114135742e-01,-3.741882741451263428e-02,5.742619633674621582e-01,8.833862543106079102e-01,-9.259483218193054199e-01,8.923638463020324707e-01,2.238845825195312500e-01,-7.625645399093627930e-01
6.628277301788330078e-01,-1.535567268729209900e-02,-3.798025250434875488e-01,2.177836000919342041e-01,2.717887759208679199e-01,8.557957410812377930e-01,-9.339918196201324463e-02,5.593118071556091309e-01,4.296945929527282715e-01,-1.191468536853790283e-01
9.440742135047912598e-01,8.044310808181762695e-01,-8.098029494285583496e-01,-7.906979322433471680e-01,-2.887460291385650635e-01,4.922605752944946289e-01,6.394926905632019043e-01,8.337275981903076172e-01,-4.112050831317901611e-01,4.435051381587982178e-01
1.258357465267181396e-01,9.239016175270080566e-01,-2.538971900939941406e-01,-2.425059080123901367e-01,8.472314476966857910e-01,-6.183248758316040039e-01,9.372223019599914551e-01,-6.767332553863525391e-01,3.995630517601966858e-02,9.205782413482666016e-01
-5.623613595962524414e-01,8.518989682197570801e-01,-4.825688600540161133e-01,-6.069112196564674377e-02,9.887295365333557129e-01,-5.340895652770996094e-01,9.288075566291809082e-01,-6.776933073997497559e-01,7.241867184638977051e-01,7.404630780220031738e-01
-8.893379569053649902e-01,4.809696972370147705e-01,-6.020427942276000977e-01,3.837206065654754639e-01,9.277448654174804688e-01,-6.318473815917968750e-01,9.032239317893981934e-01,-7.663666605949401855e-01,2.960341870784759521e-01,6.515050679445266724e-02
-5.962221622467041016e-01,5.247290134429931641e-01,-8.308922052383422852e-01,1.442970633506774902e-01,9.520052075386047363e-01,-8.488335609436035156e-01,9.441646337509155273e-01,-7.346716523170471191e-01,6.703662872314453125e-01,-6.083523035049438477e-01
-8.541037440299987793e-01,1.872908025979995728e-01,1.207764670252799988e-01,-2.796494662761688232e-01,9.828885793685913086e-01,-8.891637325286865234e-01,4.502956867218017578e-01,-4.227929711341857910e-01,6.754649281501770020e-01,-8.844948410987854004e-01
5.408412218093872070e-01,9.335452318191528320e-01,-5.100495219230651855e-01,-9.428159594535827637e-01,9.716225266456604004e-01,4.830274879932403564e-01,8.114722371101379395e-01,8.116052150726318359e-01,-4.534845352172851562e-01,6.232358217239379883e-01
2.432315945625305176e-01,4.318040311336517334e-01,-7.657161355018615723e-01,-1.421244591474533081e-01,9.770190715789794922e-01,7.725667357444763184e-01,2.728935182094573975e-01,1.096847504377365112e-01,-4.162234365940093994e-01,2.581683993339538574e-01
1.211967617273330688e-01,6.334698200225830078e-01,-3.934900164604187012e-01,-6.079074144363403320e-01,7.523746490478515625e-01,6.582468152046203613e-01,-3.242433071136474609e-01,7.884340882301330566e-01,-6.511712670326232910e-01,3.118814900517463684e-02
9.180581569671630859e-01,9.813248515129089355e-01,-7.451949119567871094e-01,-8.572624921798706055e-01,-6.201193332672119141e-01,4.053632915019989014e-01,8.965162634849548340e-01,7.594066858291625977e-01,-8.880500197410583496e-01,9.616537094116210938e-01
-3.617622554302215576e-01,-1.717146784067153931e-01,3.599292039871215820e-01,2.517634928226470947e-01,-4.161770343780517578e-01,-1.674865186214447021e-01,-4.263942837715148926e-01,1.118808612227439880e-01,4.508911371231079102e-01,-4.497061669826507568e-01
5.415981262922286987e-02,8.649213910102844238e-01,-8.462814688682556152e-01,-2.378349900245666504e-01,8.215301632881164551e-01,6.388223767280578613e-01,9.057506918907165527e-01,1.649276167154312134e-01,-5.428584218025207520e-01,8.382562398910522461e-01
2.865827977657318115e-01,5.892968177795410156e-01,-9.923529624938964844e-01,3.528322875499725342e-01,-3.752735853195190430e-01,5.191319584846496582e-01,9.860120415687561035e-01,-2.012650668621063232e-01,-5.722215771675109863e-01,6.170997619628906250e-01
6.469302624464035034e-02,2.602207362651824951e-01,-9.941294193267822266e-01,5.502568483352661133e-01,7.604646086692810059e-01,8.461894392967224121e-01,9.769276380538940430e-01,-2.245447635650634766e-01,-4.642665684223175049e-01,-9.501039236783981323e-02
-3.533756136894226074e-01,5.944769382476806641e-01,-9.876428842544555664e-01,3.945716321468353271e-01,6.314216852188110352e-01,-3.587585687637329102e-01,9.966253638267517090e-01,-7.452163696289062500e-01,3.067721128463745117e-01,4.960713982582092285e-01
-8.574198484420776367e-01,-8.800761103630065918e-01,8.491274714469909668e-01,9.599896669387817383e-01,-7.619890570640563965e-01,-4.988380968570709229e-01,-9.287047386169433594e-01,-8.411779999732971191e-01,5.398702621459960938e-01,-7.904733419418334961e-01
3.856344521045684814e-01,7.829390168190002441e-01,-9.892129302024841309e-01,-4.715415239334106445e-01,-2.004084587097167969e-01,7.373374700546264648e-01,9.791711568832397461e-01,6.412369608879089355e-01,-7.451296448707580566e-01,5.358442664146423340e-01
-6.586639285087585449e-01,-6.462399959564208984e-01,-2.429109066724777222e-01,6.067630648612976074e-01,-9.524102210998535156e-01,-3.635144531726837158e-01,-2.669799327850341797e-01,1.597092598676681519e-01,3.359424769878387451e-01,-6.972425580024719238e-01
-7.267978191375732422e-01,-7.097935676574707031e-01,-2.501240372657775879e-01,6.757603883743286133e-01,-9.393658638000488281e-01,-3.328783810138702393e-01,-2.940991520881652832e-01,6.326355040073394775e-02,3.986651301383972168e-01,-7.060158848762512207e-01
-3.048716485500335693e-01,-6.824904680252075195e-01,3.959878087043762207e-01,7.088928222656250000e-01,-9.906258583068847656e-01,-4.706663787364959717e-01,-3.992104530334472656e-01,-2.499417364597320557e-01,9.092993289232254028e-02,-3.999852836132049561e-01
7.769441604614257812e-01,7.433061599731445312e-01,-8.038129806518554688e-01,5.083665251731872559e-01,1.139102801680564880e-01,-8.955557942390441895e-01,9.691060185432434082e-01,-9.560450315475463867e-01,2.833393514156341553e-01,8.835445642471313477e-01
-8.619116544723510742e-01,-9.420019388198852539e-01,2.396128475666046143e-01,9.750165343284606934e-01,-9.753516912460327148e-01,-6.846709251403808594e-01,-5.347945690155029297e-01,-8.713094592094421387e-01,5.374704599380493164e-01,-8.458970785140991211e-01
-9.562443494796752930e-01,-9.624792337417602539e-01,-1.556194871664047241e-01,9.819550514221191406e-01,-8.224933743476867676e-01,-6.715365648269653320e-01,-3.634683489799499512e-01,-8.889905214309692383e-01,8.585705161094665527e-01,-9.354733824729919434e-01
-9.044502377510070801e-01,-8.229795694351196289e-01,4.684987962245941162e-01,8.507950901985168457e-01,9.004672169685363770e-01,9.657237529754638672e-01,-9.011991620063781738e-01,9.474909305572509766e-02,3.965184986591339111e-01,-2.344428598880767822e-01
-9.171641469001770020e-01,-8.215892314910888672e-01,4.507917761802673340e-01,8.674963116645812988e-01,8.605455756187438965e-01,9.544107317924499512e-01,-8.813030123710632324e-01,-7.425611373037099838e-03,4.158889949321746826e-01,-1.440986543893814087e-01
-9.691465497016906738e-01,-7.891607880592346191e-01,7.428696751594543457e-01,9.012386798858642578e-01,8.536401391029357910e-01,7.390708923339843750e-01,-8.035717010498046875e-01,-4.991839230060577393e-01,8.323841691017150879e-01,-4.812293127179145813e-02
-7.797559499740600586e-01,-6.668928265571594238e-01,2.733403742313385010e-01,6.863264441490173340e-01,9.157385230064392090e-01,9.830729365348815918e-01,-8.503130078315734863e-01,5.042641758918762207e-01,1.825594305992126465e-01,-1.714784055948257446e-01
-5.864241719245910645e-01,4.463814496994018555e-01,-8.999519944190979004e-01,2.450690418481826782e-01,9.185031652450561523e-01,-8.200293779373168945e-01,9.439483284950256348e-01,-6.429160833358764648e-01,5.743920207023620605e-01,-8.187355399131774902e-01
-8.819158673286437988e-01,-8.161364197731018066e-01,-4.973204433917999268e-01,9.134477376937866211e-01,4.733921587467193604e-01,-9.931519627571105957e-01,7.917912006378173828e-01,-9.876400828361511230e-01,9.381411075592041016e-01,-8.716340661048889160e-01
-9.069982767105102539e-01,-3.408537507057189941e-01,-5.031440854072570801e-01,6.200565099716186523e-01,6.678500175476074219e-01,-9.776456952095031738e-01,9.221439957618713379e-01,-9.205847382545471191e-01,8.789118528366088867e-01,-6.785912513732910156e-01
-7.741366624832153320e-01,-8.529552221298217773e-01,-5.852366089820861816e-01,8.804501891136169434e-01,7.612712979316711426e-01,-9.672324657440185547e-01,7.169688344001770020e-01,-9.760696291923522949e-01,9.046078920364379883e-01,-8.726413846015930176e-01
4.150380492210388184e-01,-2.314745336771011353e-01,-6.192946434020996094e-01,-2.435563653707504272e-01,-7.243178486824035645e-01,3.962039649486541748e-01,3.347939848899841309e-01,5.457779169082641602e-01,-3.515179157257080078e-01,-4.126696288585662842e-01
-2.892168760299682617e-01,-6.847981810569763184e-01,2.230550050735473633e-01,2.974400520324707031e-01,8.464326262474060059e-01,4.918293356895446777e-01,-5.394431352615356445e-01,-1.537729054689407349e-01,7.041022181510925293e-01,-5.508653521537780762e-01
-5.636757612228393555e-01,1.142369024455547333e-02,-8.932203650474548340e-01,4.546816051006317139e-01,3.820866346359252930e-01,-4.392943084239959717e-01,9.706101417541503906e-01,-5.748644471168518066e-01,6.046023964881896973e-01,-5.069215297698974609e-01
-8.720018863677978516e-01,8.466965556144714355e-01,-8.424758911132812500e-01,-4.812839329242706299e-01,8.307640552520751953e-01,-3.560387492179870605e-01,9.916577935218811035e-01,-3.690374270081520081e-02,-1.138550788164138794e-02,5.304341912269592285e-01
6.560053825378417969e-01,7.255362272262573242e-01,-7.335917949676513672e-01,-3.432955741882324219e-01,9.333936572074890137e-01,-4.132285714149475098e-02,9.299182891845703125e-01,-3.872790634632110596e-01,3.858162164688110352e-01,7.084811329841613770e-01
-3.089762032032012939e-01,-6.557739377021789551e-01,5.732159018516540527e-01,2.310473471879959106e-01,4.480956792831420898e-01,9.806359410285949707e-01,-9.658505916595458984e-01,8.197922110557556152e-01,-2.158152759075164795e-01,4.032501578330993652e-02
1.677351295948028564e-01,-4.014560580253601074e-01,4.369053840637207031e-01,8.352637887001037598e-01,1.300263870507478714e-02,-6.825078725814819336e-01,-3.315873444080352783e-01,-9.525197148323059082e-01,2.974619269371032715e-01,6.895641684532165527e-01
2.520677447319030762e-01,8.402978181838989258e-01,-4.383481740951538086e-01,-4.607350826263427734e-01,9.768612384796142578e-01,2.719812989234924316e-01,7.616039514541625977e-01,-1.409365236759185791e-01,-1.158232092857360840e-01,7.609856724739074707e-01
-6.036439538002014160e-01,-9.014421105384826660e-01,9.738799929618835449e-01,9.521632790565490723e-01,-4.301075637340545654e-01,-7.686019539833068848e-01,-9.892807006835937500e-01,-8.887239694595336914e-01,8.033221960067749023e-01,-8.223243951797485352e-01
-9.399647712707519531e-01,-9.277454018592834473e-01,9.746454954147338867e-01,9.414511919021606445e-01,-6.289307475090026855e-01,-9.465379714965820312e-01,-9.651041030883789062e-01,-9.118165373802185059e-01,8.572726249694824219e-01,-9.498314857482910156e-01
5.747886300086975098e-01,8.969170451164245605e-01,-7.608106136322021484e-01,-6.838265657424926758e-01,4.234012067317962646e-01,7.269897311925888062e-02,9.751667380332946777e-01,1.131944507360458374e-01,-2.510273158550262451e-01,9.365975260734558105e-01
6.121683120727539062e-01,6.520617753267288208e-02,-3.850989341735839844e-01,-4.113655388355255127e-01,-8.713611364364624023e-01,2.929613292217254639e-01,4.509112834930419922e-01,6.732840538024902344e-01,-1.934835612773895264e-01,-4.314368367195129395e-01
-6.890408396720886230e-01,9.929271787405014038e-02,7.611661553382873535e-01,-1.148346252739429474e-02,6.825105547904968262e-01,-8.853126317262649536e-02,-2.822927236557006836e-01,-3.305109217762947083e-02,1.009080484509468079e-01,-1.957625597715377808e-01
1.119990199804306030e-01,7.348057627677917480e-02,-4.695350676774978638e-02,-1.571890413761138916e-01,9.847465753555297852e-01,-7.901289463043212891e-01,-8.246891200542449951e-02,-4.102010130882263184e-01,7.861039042472839355e-01,-9.359219074249267578e-01
3.584002256393432617e-01,-2.101034820079803467e-01,1.345876306295394897e-01,2.713015973567962646e-01,9.875329136848449707e-01,-8.129559159278869629e-01,-5.726307034492492676e-01,-7.378915548324584961e-01,7.977102398872375488e-01,-8.915918469429016113e-01
2.007585316896438599e-01,9.332094192504882812e-01,-9.635055065155029297e-01,-1.570639312267303467e-01,8.054729700088500977e-01,6.510006189346313477e-01,9.826062321662902832e-01,1.478412002325057983e-01,-2.001296877861022949e-01,9.142996072769165039e-01
4.684042334556579590e-01,6.463370919227600098e-01,-9.603847861289978027e-01,-1.141634285449981689e-01,9.186524152755737305e-01,3.263155519962310791e-01,9.732413291931152344e-01,-3.944615125656127930e-01,-1.121878698468208313e-01,5.121262073516845703e-01
8.150129914283752441e-01,-5.985103249549865723e-01,7.691566944122314453e-01,6.411586403846740723e-01,-3.350188955664634705e-02,-1.324060410261154175e-01,-9.414966106414794922e-01,-4.501630961894989014e-01,5.407069921493530273e-01,-7.246894240379333496e-01
4.299236238002777100e-01,8.150497078895568848e-01,9.627143740653991699e-01,-6.477361917495727539e-01,-8.341208100318908691e-01,1.169406548142433167e-01,-9.069880843162536621e-01,8.995537757873535156e-01,6.445517390966415405e-02,3.971300125122070312e-01
-5.911112427711486816e-01,7.904109358787536621e-01,4.527205526828765869e-01,-6.805137991905212402e-01,8.208456635475158691e-01,-9.215101599693298340e-01,4.369066059589385986e-01,1.102119386196136475e-01,5.300524234771728516e-01,-3.949091434478759766e-01
-7.620409727096557617e-01,-5.826464295387268066e-01,4.145353436470031738e-01,5.186772942543029785e-01,7.202245593070983887e-01,-5.304207801818847656e-01,-4.889902472496032715e-01,-5.818811058998107910e-01,6.144312620162963867e-01,-7.457121014595031738e-01
-8.489049077033996582e-01,-3.602097975090146065e-03,1.884243935346603394e-01,3.391990661621093750e-01,6.698634028434753418e-01,-9.295781254768371582e-01,6.134765744209289551e-01,-5.988134741783142090e-01,9.124869108200073242e-01,-8.919081091880798340e-01
-6.501621007919311523e-01,2.463597506284713745e-01,6.892524659633636475e-02,-8.548749983310699463e-02,8.651716113090515137e-01,-8.590270876884460449e-01,2.593480646610260010e-01,-3.530408143997192383e-01,6.363564133644104004e-01,-8.462349772453308105e-01
-4.860928654670715332e-01,3.597391247749328613e-01,-2.151350080966949463e-01,-1.261716336011886597e-01,9.008370041847229004e-01,-6.975884437561035156e-01,4.901939332485198975e-01,-3.421993255615234375e-01,4.523737132549285889e-01,-7.185057997703552246e-01
-5.946349501609802246e-01,-3.465885221958160400e-01,-1.040299981832504272e-01,3.303802609443664551e-01,-5.482281446456909180e-01,-6.229737401008605957e-01,-3.776854872703552246e-01,6.634373962879180908e-02,1.915539056062698364e-01,-8.465331792831420898e-01
-6.897070407867431641e-01,-7.911328673362731934e-01,6.886948347091674805e-01,1.159607842564582825e-01,7.551292181015014648e-01,-3.970347642898559570e-01,-8.643497824668884277e-01,2.210157066583633423e-01,7.719631195068359375e-01,-9.801748991012573242e-01
-9.059917926788330078e-01,-8.709706068038940430e-01,4.920364618301391602e-01,7.100355029106140137e-01,8.864545226097106934e-01,1.856477186083793640e-02,-8.644976615905761719e-01,-4.336552694439888000e-02,8.059325814247131348e-01,-9.925088882446289062e-01
9.776052832603454590e-01,5.054584741592407227e-01,-9.710814356803894043e-01,4.005838334560394287e-01,-1.090887263417243958e-01,6.401066780090332031e-01,9.294141530990600586e-01,-6.622160673141479492e-01,-6.700167655944824219e-01,8.554209470748901367e-01
-8.118050694465637207e-01,-8.436436653137207031e-01,-7.104490399360656738e-01,9.603791832923889160e-01,-9.490007162094116211e-01,-1.338819861412048340e-01,6.937403082847595215e-01,-9.238263368606567383e-01,-2.859255969524383545e-01,2.803509235382080078e-01
6.143571138381958008e-01,1.495619677007198334e-02,-3.208444416522979736e-01,-3.492005765438079834e-01,-3.686735332012176514e-01,9.870313405990600586e-01,-4.040289521217346191e-01,9.032292962074279785e-01,-5.786853432655334473e-01,8.199944496154785156e-01
6.883256435394287109e-01,-1.993915289640426636e-01,-7.670789957046508789e-02,-1.097282618284225464e-01,-6.978396773338317871e-01,9.769989252090454102e-01,-5.534602999687194824e-01,7.771636247634887695e-01,-7.551721334457397461e-01,8.699340224266052246e-01
-3.861482441425323486e-01,-3.187068179249763489e-02,-9.464638233184814453e-01,6.419592499732971191e-01,8.466092944145202637e-01,-9.469414353370666504e-01,9.849123954772949219e-01,-9.477073550224304199e-01,8.325853943824768066e-01,-6.152303218841552734e-01
-1.800621747970581055e-01,-1.525890231132507324e-01,8.289422392845153809e-01,-9.973514825105667114e-02,9.678100943565368652e-01,2.852124907076358795e-02,-6.680709123611450195e-01,1.624787300825119019e-01,9.263319969177246094e-01,-6.732251048088073730e-01
3.760353922843933105e-01,9.333687424659729004e-01,-5.172767639160156250e-01,-7.536205053329467773e-01,4.295560121536254883e-01,8.251033425331115723e-01,4.879790246486663818e-01,8.341016173362731934e-01,-8.583229184150695801e-01,9.103109836578369141e-01
7.718305587768554688e-01,-9.451453685760498047e-01,8.349241018295288086e-01,8.124215602874755859e-01,-5.600740909576416016e-01,-7.260996699333190918e-01,-9.477899670600891113e-01,-8.711342811584472656e-01,8.766415119171142578e-01,-5.627295970916748047e-01
-6.824128627777099609e-01,2.911636233329772949e-01,7.894327044486999512e-01,-6.694664359092712402e-01,7.117160558700561523e-01,2.743169479072093964e-02,-7.410588860511779785e-01,8.258968591690063477e-01,3.118607997894287109e-01,-6.268711090087890625e-01
-8.201132416725158691e-01,6.990642547607421875e-01,6.833928823471069336e-01,-8.397739529609680176e-01,8.796757459640502930e-01,-4.624403417110443115e-01,-1.302071064710617065e-01,8.500808477401733398e-01,3.790926039218902588e-01,-7.608747482299804688e-01
-6.088971495628356934e-01,-5.787831544876098633e-01,-7.922987937927246094e-01,5.043772459030151367e-01,8.233945965766906738e-01,8.281475901603698730e-01,-3.456287384033203125e-01,1.098117381334304810e-01,-6.346645951271057129e-01,-7.177535295486450195e-01
-9.313494563102722168e-01,-1.990224868059158325e-01,3.544934093952178955e-01,1.809887737035751343e-01,7.985761761665344238e-01,-8.031542897224426270e-01,8.519896864891052246e-02,-3.524915575981140137e-01,6.819483041763305664e-01,-8.053650259971618652e-01
-8.907585740089416504e-01,3.387572467327117920e-01,2.942885458469390869e-01,-2.293145507574081421e-01,8.723244071006774902e-01,-5.015910863876342773e-01,7.898709923028945923e-02,7.877064496278762817e-02,1.551307886838912964e-01,-2.890320718288421631e-01
-9.898840188980102539e-01,-4.770659208297729492e-01,9.801159501075744629e-01,-1.743561923503875732e-01,7.474996447563171387e-01,-8.657807707786560059e-01,-8.388604521751403809e-01,2.433724850416183472e-01,9.086409211158752441e-01,-8.927159905433654785e-01
-9.207814931869506836e-01,8.274986743927001953e-01,5.026718378067016602e-01,-8.085764050483703613e-01,9.478843808174133301e-01,-8.946704864501953125e-01,7.139484882354736328e-01,4.568056762218475342e-01,6.644146442413330078e-01,-6.309012770652770996e-01
-9.926491379737854004e-01,-7.476636171340942383e-01,9.598383307456970215e-01,3.286284208297729492e-01,5.209286212921142578e-01,-4.450204074382781982e-01,-8.867068290710449219e-01,2.513340711593627930e-01,8.450922369956970215e-01,-8.673570752143859863e-01
-8.501432538032531738e-01,-5.729113817214965820e-01,3.235393464565277100e-01,4.231364727020263672e-01,4.641320407390594482e-01,2.362103760242462158e-02,-7.704423666000366211e-01,3.681040704250335693e-01,4.661735296249389648e-01,-9.505953788757324219e-01
-9.716285467147827148e-01,-9.585465192794799805e-01,3.406837582588195801e-01,9.676402211189270020e-01,1.008741036057472229e-01,-9.617494344711303711e-01,-2.437288016080856323e-01,-9.681351780891418457e-01,9.645021557807922363e-01,-9.607194066047668457e-01
-9.934083819389343262e-01,-9.079385399818420410e-01,8.814102411270141602e-01,8.756753206253051758e-01,7.589837312698364258e-01,-9.715039134025573730e-01,-3.902717828750610352e-01,-9.261952042579650879e-01,9.749939441680908203e-01,-9.311473965644836426e-01
-9.802296757698059082e-01,-9.873946309089660645e-01,8.611141443252563477e-01,9.808464646339416504e-01,4.474353492259979248e-01,-9.798177480697631836e-01,-7.627183794975280762e-01,-9.866427779197692871e-01,9.923470616340637207e-01,-9.760446548461914062e-01
-1.312928497791290283e-01,5.982601642608642578e-02,7.458822131156921387e-01,6.117964386940002441e-01,-7.054634094238281250e-01,-3.847868442535400391e-01,-7.917163968086242676e-01,-9.126372635364532471e-03,4.223110973834991455e-01,-7.493850588798522949e-01
-3.286464214324951172e-01,4.240195751190185547e-01,9.485929012298583984e-01,3.508138656616210938e-01,-1.459183543920516968e-01,-4.947808086872100830e-01,-8.016834855079650879e-01,2.089475048705935478e-03,7.185971140861511230e-01,-1.059547737240791321e-01
-9.978023171424865723e-01,-9.240637421607971191e-01,9.916755557060241699e-01,8.317614793777465820e-01,7.840682864189147949e-01,-9.531590342521667480e-01,-9.222800731658935547e-01,-8.201736211776733398e-01,9.727938175201416016e-01,-9.609190225601196289e-01
-9.962458610534667969e-01,-9.466018080711364746e-01,9.822576045989990234e-01,8.471564054489135742e-01,7.703086137771606445e-01,-9.643690586090087891e-01,-9.157543778419494629e-01,-8.516166806221008301e-01,9.821240305900573730e-01,-9.750517606735229492e-01
-9.873713254928588867e-01,-9.640541672706604004e-01,9.632630348205566406e-01,9.443358778953552246e-01,7.169318795204162598e-01,-9.802893400192260742e-01,-9.022200703620910645e-01,-9.665334224700927734e-01,9.829076528549194336e-01,-9.720059633255004883e-01
-8.379357457160949707e-01,-9.642183184623718262e-01,9.502306580543518066e-01,8.490858674049377441e-01,5.330051183700561523e-01,-8.382303118705749512e-01,-9.682120680809020996e-01,-8.333383202552795410e-01,9.425444006919860840e-01,-9.533275365829467773e-01
-9.961700439453125000e-01,-9.436706304550170898e-01,9.709654450416564941e-01,8.821108341217041016e-01,7.111660838127136230e-01,-9.666970372200012207e-01,-8.285925984382629395e-01,-8.938931822776794434e-01,9.820349216461181641e-01,-9.632418155670166016e-01
7.932103276252746582e-01,7.284789681434631348e-01,-2.045919299125671387e-01,-4.842236340045928955e-01,8.709119558334350586e-01,3.522124886512756348e-01,6.215549111366271973e-01,-2.178583145141601562e-01,-4.562489688396453857e-01,8.297709226608276367e-01
-9.705924391746520996e-01,-9.866163134574890137e-01,7.365573644638061523e-01,9.826812744140625000e-01,-1.446819305419921875e-01,-9.757254719734191895e-01,-4.993896484375000000e-01,-9.874682426452636719e-01,9.864746928215026855e-01,-9.576687812805175781e-01
4.080086350440979004e-01,2.655343115329742432e-01,1.393290236592292786e-02,-6.783074736595153809e-01,-6.796999573707580566e-01,7.435715198516845703e-01,4.676594436168670654e-01,7.979358434677124023e-01,-4.762582778930664062e-01,5.903324484825134277e-01
3.605869412422180176e-01,6.480265855789184570e-01,-9.131019711494445801e-01,-4.586611688137054443e-01,7.868354320526123047e-01,5.220056772232055664e-01,8.761962056159973145e-01,3.110374212265014648e-01,-5.583065748214721680e-01,1.428720951080322266e-01
8.900310993194580078e-01,9.586797952651977539e-01,-8.333197832107543945e-01,-7.894987463951110840e-01,-1.621792912483215332e-01,1.479471474885940552e-01,9.691482186317443848e-01,3.093882799148559570e-01,-7.862343192100524902e-01,9.585223793983459473e-01
8.049798607826232910e-01,9.153582453727722168e-01,-8.774456977844238281e-01,-6.521269083023071289e-01,4.150415062904357910e-01,9.464569091796875000e-01,7.713682651519775391e-01,7.977789640426635742e-01,-9.563000202178955078e-01,8.750701546669006348e-01
6.559756398200988770e-01,-8.113372325897216797e-02,-7.762966156005859375e-01,1.647064536809921265e-01,-7.648676633834838867e-01,6.546209454536437988e-01,5.035398006439208984e-01,1.083250641822814941e-01,-7.191619277000427246e-01,4.876750409603118896e-01
9.805342555046081543e-01,2.361768931150436401e-01,-8.072564601898193359e-01,3.369308412075042725e-01,-9.628522992134094238e-01,1.208683550357818604e-01,-5.915109068155288696e-02,-3.849996328353881836e-01,-8.748620152473449707e-01,8.669757843017578125e-01
8.288893103599548340e-01,4.329489171504974365e-01,-8.876290917396545410e-01,-2.627303004264831543e-01,-7.068890929222106934e-01,1.483751386404037476e-01,7.900125980377197266e-01,4.796133637428283691e-01,-6.414694786071777344e-01,-6.215335130691528320e-01
1.125300824642181396e-01,8.911837339401245117e-01,-9.223159551620483398e-01,-5.951197743415832520e-01,-1.105626598000526428e-01,6.737331748008728027e-01,9.086142182350158691e-01,7.237520813941955566e-01,-8.992891311645507812e-01,5.508148670196533203e-01
2.337818294763565063e-01,8.047770261764526367e-01,-5.787501335144042969e-01,-5.280662178993225098e-01,9.881293773651123047e-01,3.711729049682617188e-01,7.913858294486999512e-01,1.603520009666681290e-03,-2.584093511104583740e-01,3.983778059482574463e-01
-8.165029883384704590e-01,9.241257905960083008e-01,-8.686896562576293945e-01,-5.440894365310668945e-01,8.768163919448852539e-01,8.233632445335388184e-01,9.391773343086242676e-01,8.082373738288879395e-01,-5.187816619873046875e-01,5.482521653175354004e-01
5.080738663673400879e-02,-5.795757472515106201e-02,-1.890755146741867065e-01,7.424855828285217285e-01,-4.951493144035339355e-01,-7.737528085708618164e-01,7.415918111801147461e-01,-9.503399133682250977e-01,3.186455741524696350e-02,9.285219907760620117e-01
-6.455162167549133301e-01,-2.770911455154418945e-01,6.305384039878845215e-01,6.237673759460449219e-01,-3.870170712471008301e-01,-8.920968174934387207e-01,1.766841262578964233e-01,-8.559300899505615234e-01,4.805817008018493652e-01,4.405089914798736572e-01
-2.324606925249099731e-01,-8.695762157440185547e-01,4.811103045940399170e-01,9.680926799774169922e-01,-9.250928759574890137e-01,-6.495318412780761719e-01,-3.261808156967163086e-01,-9.666754603385925293e-01,7.230783104896545410e-01,5.805033445358276367e-01
9.023435711860656738e-01,-6.344137191772460938e-01,5.480211377143859863e-01,1.814375668764114380e-01,-4.946346953511238098e-02,-6.538631916046142578e-01,-7.547422647476196289e-01,-5.187186002731323242e-01,8.457253575325012207e-01,-3.805415928363800049e-01
8.292376399040222168e-01,-8.253314495086669922e-01,6.917573213577270508e-01,3.998960852622985840e-01,-1.726422011852264404e-01,-5.897450447082519531e-01,-8.858645558357238770e-01,-6.118723750114440918e-01,8.328251838684082031e-01,-3.488694429397583008e-01
-9.312425851821899414e-01,2.959706485271453857e-01,-3.521104156970977783e-01,-1.440463811159133911e-01,6.952666044235229492e-01,7.912409305572509766e-01,7.780845463275909424e-02,6.512961387634277344e-01,-7.174230813980102539e-01,3.120088577270507812e-01
-9.929232001304626465e-01,-4.240698516368865967e-01,3.854252099990844727e-01,5.757886767387390137e-01,9.471710324287414551e-01,-8.655939698219299316e-01,4.153236448764801025e-01,-7.907753586769104004e-01,6.829242110252380371e-01,-6.588702201843261719e-01
8.803023695945739746e-01,7.725709676742553711e-01,-4.930518567562103271e-01,-8.083444833755493164e-01,-5.602546930313110352e-01,9.924760460853576660e-01,1.411006450653076172e-01,9.793039560317993164e-01,-7.999292016029357910e-01,8.951061367988586426e-01
2.006796747446060181e-01,5.582617223262786865e-02,-1.825842857360839844e-01,-4.214419722557067871e-01,3.113783895969390869e-01,9.883717894554138184e-01,-4.315568506717681885e-01,9.323540329933166504e-01,-2.832781076431274414e-01,6.371016502380371094e-01
-6.431000232696533203e-01,-9.263108968734741211e-01,7.516114115715026855e-01,9.867382645606994629e-01,-7.991254329681396484e-01,-3.803105950355529785e-01,-8.962541818618774414e-01,-9.645529389381408691e-01,6.788369417190551758e-01,-1.012328416109085083e-01
-1.400359421968460083e-01,-8.977568149566650391e-01,7.457551956176757812e-01,9.788700342178344727e-01,-9.357954263687133789e-01,-7.272318601608276367e-01,-8.909187912940979004e-01,-9.501534104347229004e-01,7.562593817710876465e-01,-3.333926796913146973e-01
9.055535197257995605e-01,1.420764029026031494e-01,-8.010259270668029785e-01,-6.646876782178878784e-02,6.077190041542053223e-01,-2.307481765747070312e-01,7.745390534400939941e-01,-5.162552595138549805e-01,5.951557159423828125e-01,2.487128376960754395e-01
-5.175278186798095703e-01,1.387985646724700928e-01,7.156140804290771484e-01,-5.119776725769042969e-01,1.505992561578750610e-01,-1.612433344125747681e-01,-5.627542138099670410e-01,7.450715303421020508e-01,3.255179226398468018e-01,-7.784655690193176270e-01
-4.213693141937255859e-01,-2.704536616802215576e-01,6.524971723556518555e-01,1.259863972663879395e-01,-5.648012161254882812e-01,-5.903679728507995605e-01,-4.733648300170898438e-01,1.642284244298934937e-01,4.968358874320983887e-01,-8.425384759902954102e-01
2.471560388803482056e-01,8.241668939590454102e-01,2.673727869987487793e-01,-8.432787060737609863e-01,-6.108008027076721191e-01,-8.043527603149414062e-01,6.746494770050048828e-01,6.495407223701477051e-01,-1.923001259565353394e-01,-1.322730779647827148e-01
-4.436088204383850098e-01,2.762318551540374756e-01,8.806600570678710938e-01,-6.631649732589721680e-01,8.899997174739837646e-02,6.543119549751281738e-01,-7.356114983558654785e-01,8.848025202751159668e-01,-7.250962406396865845e-02,-2.302249222993850708e-01
3.611224591732025146e-01,5.249596834182739258e-01,-9.183810353279113770e-01,-6.572926640510559082e-01,8.568120002746582031e-01,3.305806219577789307e-01,9.108269214630126953e-01,2.957285940647125244e-01,-3.761350214481353760e-01,1.271710097789764404e-01
-7.803074717521667480e-01,-8.229134678840637207e-01,9.164488911628723145e-01,5.957543849945068359e-01,9.700112342834472656e-01,3.670850098133087158e-01,-9.415142536163330078e-01,-4.319157302379608154e-01,8.339905738830566406e-01,-5.590932965278625488e-01
5.195617675781250000e-01,3.746396303176879883e-01,2.299721837043762207e-01,-4.247522056102752686e-01,5.748564004898071289e-01,7.219282388687133789e-01,-7.785156369209289551e-01,5.776978135108947754e-01,-8.179530501365661621e-01,5.048674345016479492e-01
6.136716008186340332e-01,2.511912584304809570e-01,8.005189895629882812e-01,-6.609990000724792480e-01,3.867877721786499023e-01,6.221110820770263672e-01,-9.493368864059448242e-01,7.859911918640136719e-01,-7.289383411407470703e-01,1.661714315414428711e-01
-6.388969421386718750e-01,-7.858086824417114258e-01,2.770986557006835938e-01,4.948336482048034668e-01,5.951804518699645996e-01,6.678431630134582520e-01,-9.374269247055053711e-01,4.060813486576080322e-01,1.306507922708988190e-02,-9.212270379066467285e-01
1.617000550031661987e-01,-6.048151850700378418e-01,3.454697132110595703e-01,6.578224301338195801e-01,-8.227640986442565918e-01,-7.551636099815368652e-01,1.271249204874038696e-01,-8.278435468673706055e-01,5.378076434135437012e-01,2.401879876852035522e-01
-8.951167464256286621e-01,7.571596503257751465e-01,-5.641378760337829590e-01,-4.807092845439910889e-01,-1.977170258760452271e-02,7.370298504829406738e-01,7.040726542472839355e-01,7.910684347152709961e-01,-9.008651971817016602e-01,5.995302200317382812e-01
9.118608832359313965e-01,-2.545196115970611572e-01,8.887596130371093750e-01,-8.678182214498519897e-02,2.088589966297149658e-01,-6.796593070030212402e-01,-9.450473785400390625e-01,-3.860925734043121338e-01,4.005286693572998047e-01,-4.425679147243499756e-01
7.307896614074707031e-01,5.271064639091491699e-01,-9.794647693634033203e-01,-5.898816883563995361e-02,4.583128690719604492e-01,9.867565333843231201e-02,9.738849401473999023e-01,-3.773796558380126953e-01,-2.088608592748641968e-01,4.498443603515625000e-01
9.650998115539550781e-01,8.496642112731933594e-01,-8.776909112930297852e-01,-7.649961113929748535e-01,-5.972962975502014160e-01,9.674272537231445312e-01,7.249395847320556641e-01,8.884015083312988281e-01,-9.291355013847351074e-01,9.563632011413574219e-01
9.239611625671386719e-01,5.824367403984069824e-01,-8.378731608390808105e-01,-3.094729185104370117e-01,-6.452040076255798340e-01,9.482946395874023438e-01,6.333131790161132812e-01,6.035413742065429688e-01,-8.976428508758544922e-01,9.473416805267333984e-01
6.862301826477050781e-01,3.270311057567596436e-01,-8.289891481399536133e-01,-7.307545095682144165e-02,5.366531014442443848e-01,7.368542551994323730e-01,8.180239796638488770e-01,1.984221860766410828e-02,-7.005969434976577759e-02,7.575699090957641602e-01
-8.998880982398986816e-01,-8.475734591484069824e-01,7.076925635337829590e-01,8.860756158828735352e-01,-9.784417748451232910e-01,-4.639462232589721680e-01,-6.101983785629272461e-01,-4.482752084732055664e-01,2.586697340011596680e-01,-6.588624715805053711e-01
-9.150465130805969238e-01,-8.249343633651733398e-01,7.421476244926452637e-01,8.635926842689514160e-01,-9.757834672927856445e-01,-3.798554837703704834e-01,-6.278030276298522949e-01,-3.209677934646606445e-01,2.035652995109558105e-01,-6.398422122001647949e-01
-8.368287682533264160e-01,-9.417298436164855957e-01,4.635302424430847168e-01,9.711734056472778320e-01,-9.839552640914916992e-01,-7.416667342185974121e-01,-6.107698082923889160e-01,-8.737323880195617676e-01,5.117640495300292969e-01,-8.228889703750610352e-01
-8.445293307304382324e-01,8.279098868370056152e-01,2.172900587320327759e-01,-7.290293574333190918e-01,9.438708424568176270e-01,-8.394206166267395020e-01,8.435453772544860840e-01,2.089563012123107910e-01,3.982708156108856201e-01,-5.247059464454650879e-01
7.364389896392822266e-01,-5.355442166328430176e-01,-8.814473748207092285e-01,6.494756937026977539e-01,2.451918274164199829e-01,8.425108194351196289e-01,4.721591174602508545e-01,-2.891018688678741455e-01,5.049798488616943359e-01,2.263563871383666992e-01
-2.712765336036682129e-01,-2.636407017707824707e-01,-7.286544442176818848e-01,3.130601644515991211e-01,5.037389397621154785e-01,-9.614005684852600098e-01,8.662472963333129883e-01,-8.558202385902404785e-01,6.930147409439086914e-01,-7.440268993377685547e-01
6.835285425186157227e-01,8.873920440673828125e-01,-9.544891715049743652e-01,-7.075585126876831055e-01,7.280932068824768066e-01,9.749659299850463867e-01,9.305279254913330078e-01,8.984384536743164062e-01,-6.571239233016967773e-01,8.696382641792297363e-01
7.399786710739135742e-01,7.538698315620422363e-01,-8.543543815612792969e-01,-7.926966995000839233e-02,-4.257254302501678467e-01,-9.414942860603332520e-01,9.800518751144409180e-01,-8.132131099700927734e-01,1.579371392726898193e-01,4.786689281463623047e-01
-5.293125510215759277e-01,-5.314010977745056152e-01,9.281261563301086426e-01,1.629189401865005493e-01,-9.650735855102539062e-01,-4.556480348110198975e-01,-8.634197115898132324e-01,4.058179855346679688e-01,5.037066936492919922e-01,-2.756946906447410583e-02
-9.046850204467773438e-01,-8.182357549667358398e-01,9.338257908821105957e-01,9.042871594429016113e-01,-8.028425574302673340e-01,-6.480762958526611328e-01,-9.595208168029785156e-01,-5.725875496864318848e-01,4.915114343166351318e-01,-9.083153605461120605e-01
-5.149131417274475098e-01,-8.112363219261169434e-01,-3.556020855903625488e-01,5.673548579216003418e-01,-7.623464465141296387e-01,7.335946559906005859e-01,-4.123631417751312256e-01,3.668442666530609131e-01,1.361681818962097168e-01,-5.162524580955505371e-01
8.557564020156860352e-01,8.894641995429992676e-01,-9.321170449256896973e-01,-8.683358430862426758e-01,7.095887660980224609e-01,9.492222070693969727e-01,9.210252761840820312e-01,9.025291204452514648e-01,-6.568773388862609863e-01,9.047787189483642578e-01
-3.655439615249633789e-02,-3.032029271125793457e-01,-5.310858488082885742e-01,-2.057771980762481689e-01,-1.293598711490631104e-01,5.074808597564697266e-01,1.397374123334884644e-01,7.813411951065063477e-01,4.524401724338531494e-01,-9.095316529273986816e-01
7.856244444847106934e-01,-7.819258570671081543e-01,-9.716971963644027710e-02,5.527183413505554199e-01,-6.368981003761291504e-01,6.044637560844421387e-01,-8.863693475723266602e-01,3.376403748989105225e-01,5.290985703468322754e-01,-7.085443735122680664e-01
-7.694312334060668945e-01,-9.222146868705749512e-01,7.922020554542541504e-01,9.263882637023925781e-01,-9.808290600776672363e-01,-8.851124644279479980e-01,-7.226799726486206055e-01,-8.530929684638977051e-01,6.649168729782104492e-01,-7.602981925010681152e-01
5.473793745040893555e-01,8.523980379104614258e-01,-7.742582559585571289e-01,-5.614382624626159668e-01,-5.975269675254821777e-01,-4.900656342506408691e-01,9.767065048217773438e-01,-1.409780383110046387e-01,-4.281754493713378906e-01,8.982018828392028809e-01
7.950981855392456055e-01,7.453963756561279297e-01,-9.680478572845458984e-01,-1.927622109651565552e-01,6.408205628395080566e-01,3.143632411956787109e-01,9.812165498733520508e-01,-4.217577576637268066e-01,-5.826130509376525879e-01,7.530074715614318848e-01
-7.365826964378356934e-01,-9.495429396629333496e-01,9.783685803413391113e-01,9.851996898651123047e-01,-4.769310057163238525e-01,-9.498539566993713379e-01,-9.869204163551330566e-01,-9.816380739212036133e-01,9.356091618537902832e-01,-8.568127751350402832e-01
4.205967858433723450e-02,6.145939826965332031e-01,-6.131976842880249023e-01,-4.081473946571350098e-01,9.675867557525634766e-01,8.796094655990600586e-01,1.180819794535636902e-01,5.556499361991882324e-01,-5.923891067504882812e-01,5.790091753005981445e-01
2.255121469497680664e-01,8.059826493263244629e-01,-4.313323795795440674e-01,-7.146377563476562500e-01,9.845385551452636719e-01,5.149670243263244629e-01,5.971993207931518555e-01,3.980766236782073975e-01,-1.703198850154876709e-01,5.858915448188781738e-01
4.521192908287048340e-01,9.096646904945373535e-01,-4.466026127338409424e-01,-8.863042593002319336e-01,9.307969212532043457e-01,7.584474682807922363e-01,3.026036918163299561e-01,9.069680571556091309e-01,-5.821412801742553711e-01,4.248098433017730713e-01
-5.188923478126525879e-01,9.101722836494445801e-01,1.916459649801254272e-01,-8.880910873413085938e-01,8.935751318931579590e-01,-4.938820898532867432e-01,4.667662680149078369e-01,8.279730081558227539e-01,9.658364206552505493e-02,-2.952713668346405029e-01
2.909318506717681885e-01,8.692560195922851562e-01,-3.957771360874176025e-01,-8.455156683921813965e-01,9.601845741271972656e-01,5.673373937606811523e-01,4.454443454742431641e-01,7.717514038085937500e-01,-3.919751942157745361e-01,4.578302800655364990e-01
2.161916159093379974e-02,6.194906234741210938e-01,-7.382637262344360352e-01,-2.593328654766082764e-01,9.425705075263977051e-01,8.651481866836547852e-01,5.004745125770568848e-01,4.527010917663574219e-01,-4.167559444904327393e-01,6.356937289237976074e-01
7.653116583824157715e-01,8.833087682723999023e-01,-5.753361582756042480e-01,-6.717557311058044434e-01,9.666929841041564941e-01,3.917658627033233643e-01,8.692680001258850098e-01,-6.851764768362045288e-02,-5.321819186210632324e-01,8.274408578872680664e-01
-1.225768253207206726e-01,-9.580621719360351562e-01,-2.549261152744293213e-01,9.423601031303405762e-01,3.740932792425155640e-02,1.570816338062286377e-01,-7.818449735641479492e-01,-7.269215583801269531e-01,8.413634896278381348e-01,-9.282927513122558594e-01
-7.969806790351867676e-01,6.455987691879272461e-01,6.350461244583129883e-01,-6.990083456039428711e-01,9.308602809906005859e-01,-8.240162134170532227e-01,1.741204410791397095e-01,3.785376250743865967e-01,5.980456471443176270e-01,-6.963363289833068848e-01
-7.895174622535705566e-01,8.037637919187545776e-02,9.133023023605346680e-01,1.225700750946998596e-01,8.594839572906494141e-01,-9.171864986419677734e-01,-5.718073248863220215e-01,-5.758303403854370117e-01,8.474000692367553711e-01,-5.021361708641052246e-01
-8.405530452728271484e-01,-6.556577086448669434e-01,9.641107916831970215e-01,7.943947613239288330e-02,-2.372967302799224854e-01,-4.367989003658294678e-01,-9.026151895523071289e-01,2.068799138069152832e-01,2.340408414602279663e-01,-7.501884698867797852e-01
-8.868359327316284180e-01,5.614752769470214844e-01,6.361343264579772949e-01,-5.217227935791015625e-01,7.452936768531799316e-01,-6.525228619575500488e-01,-4.171573370695114136e-02,5.323693156242370605e-01,4.461525678634643555e-01,-6.265897750854492188e-01
-5.086943507194519043e-01,-6.921911835670471191e-01,9.490710496902465820e-01,9.312565624713897705e-02,2.660952210426330566e-01,7.087430357933044434e-02,-9.510524868965148926e-01,2.672373652458190918e-01,2.820495367050170898e-01,-6.487040519714355469e-01
-6.170374155044555664e-01,6.439326405525207520e-01,5.898849368095397949e-01,-4.481891393661499023e-01,8.293312191963195801e-01,-6.185714006423950195e-01,9.940240532159805298e-02,1.758268624544143677e-01,2.659815251827239990e-01,-2.973934113979339600e-01
4.531839787960052490e-01,8.283877968788146973e-01,3.466910421848297119e-01,-5.552337169647216797e-01,-2.145655006170272827e-01,-9.503278136253356934e-01,7.413503527641296387e-01,-3.520797491073608398e-01,4.004809558391571045e-01,5.527184605598449707e-01
-6.762461066246032715e-01,3.673702180385589600e-01,-8.732113242149353027e-01,-4.809825420379638672e-01,-7.611265033483505249e-02,7.463801503181457520e-01,8.878192901611328125e-01,7.366760969161987305e-01,-7.083271145820617676e-01,5.280187129974365234e-01
-6.321474313735961914e-01,-6.570614576339721680e-01,-9.320663809776306152e-01,6.387168765068054199e-01,6.972836256027221680e-01,-2.548044323921203613e-01,9.238851070404052734e-01,-8.306257128715515137e-01,2.468913346529006958e-01,-3.109373748302459717e-01
-2.035559341311454773e-02,-6.580412983894348145e-01,2.824232876300811768e-01,-1.364776641130447388e-01,2.882518768310546875e-01,-6.403580307960510254e-01,-4.902320504188537598e-01,-6.491830945014953613e-02,5.558648705482482910e-01,-8.615176081657409668e-01
-7.503157854080200195e-01,-6.372762322425842285e-01,8.352853059768676758e-01,3.047964870929718018e-01,9.895708560943603516e-01,-8.212264776229858398e-01,-7.992643117904663086e-01,-6.577066183090209961e-01,9.149993658065795898e-01,-9.374305605888366699e-01
-5.797996520996093750e-01,4.743235111236572266e-01,-6.856007575988769531e-01,-1.401951462030410767e-01,-9.713509082794189453e-01,6.745299696922302246e-01,8.363825082778930664e-01,6.108301281929016113e-01,-9.442086219787597656e-01,8.827795386314392090e-01
-8.971670866012573242e-01,-9.203879237174987793e-01,-5.896506309509277344e-01,9.777269959449768066e-01,-9.767357110977172852e-01,4.705376029014587402e-01,3.284457623958587646e-01,-8.431723713874816895e-01,-1.838333606719970703e-01,1.731777191162109375e-02
7.337965071201324463e-02,8.626347780227661133e-01,-6.403458714485168457e-01,-7.517869472503662109e-01,9.787488579750061035e-01,7.160074710845947266e-01,7.260567545890808105e-01,6.370038986206054688e-01,-3.246951997280120850e-01,6.553959250450134277e-01
8.045641779899597168e-01,8.109096288681030273e-01,-4.020446836948394775e-01,-7.989942431449890137e-01,2.209273725748062134e-01,-2.889889478683471680e-02,7.181028723716735840e-01,7.702781558036804199e-01,5.682574510574340820e-01,3.824877142906188965e-01
5.074994564056396484e-01,6.706309318542480469e-01,-9.492025971412658691e-01,1.420891135931015015e-01,6.300367116928100586e-01,8.048771023750305176e-01,9.072187542915344238e-01,1.193220242857933044e-01,-2.772657573223114014e-01,7.000605463981628418e-01
7.071136832237243652e-01,-9.698553383350372314e-02,-8.519477844238281250e-01,8.540515899658203125e-01,-5.537080168724060059e-01,-2.752821519970893860e-02,6.528686881065368652e-01,-8.976972103118896484e-01,-2.683818042278289795e-01,7.807134985923767090e-01
-6.308097839355468750e-01,-8.258033990859985352e-01,4.482144117355346680e-02,9.113327264785766602e-01,-9.906451702117919922e-01,-3.973929286003112793e-01,-3.357626199722290039e-01,-6.177706122398376465e-01,-1.135268732905387878e-01,-5.097571015357971191e-01
-7.831584215164184570e-01,-9.282208085060119629e-01,1.293059289455413818e-01,7.891339063644409180e-01,7.442626357078552246e-01,-6.257163286209106445e-01,-2.702635228633880615e-01,-7.200979590415954590e-01,9.355239868164062500e-01,-9.766292572021484375e-01
-4.932187199592590332e-01,-3.456109464168548584e-01,-5.463100075721740723e-01,9.801170229911804199e-02,7.858085632324218750e-01,2.325920015573501587e-01,5.006470084190368652e-01,3.280917704105377197e-01,6.916021108627319336e-01,-9.145875573158264160e-01
-2.372701317071914673e-01,-3.147648274898529053e-01,-6.744529008865356445e-01,5.062082409858703613e-01,8.130676150321960449e-01,4.897260367870330811e-01,-3.086853027343750000e-01,-3.601444065570831299e-01,-5.745525956153869629e-01,-3.383097350597381592e-01
6.073414087295532227e-01,4.599352180957794189e-02,-6.309234499931335449e-01,1.530950367450714111e-01,-9.771024584770202637e-01,7.660247683525085449e-01,3.173511922359466553e-01,5.972115993499755859e-01,-7.154420614242553711e-01,3.913294374942779541e-01
1.095325052738189697e-01,7.944245934486389160e-01,-6.839766502380371094e-01,-6.008307337760925293e-01,9.880769252777099609e-01,8.274998068809509277e-01,6.259429454803466797e-01,5.753676891326904297e-01,-2.651672959327697754e-01,4.991044700145721436e-01
-7.310212850570678711e-01,-5.853558182716369629e-01,6.678385734558105469e-01,4.328760318458080292e-03,4.932671487331390381e-01,3.706094324588775635e-01,-9.099847078323364258e-01,7.619770169258117676e-01,4.583887457847595215e-01,-9.750244617462158203e-01
-6.242890954017639160e-01,6.532238125801086426e-01,-2.137814015150070190e-01,-7.978386878967285156e-01,9.208855032920837402e-01,6.986231207847595215e-01,-8.791324496269226074e-02,9.553837776184082031e-01,-3.200721144676208496e-01,-9.205638170242309570e-01
-7.145119905471801758e-01,-4.334443211555480957e-01,4.211239889264106750e-02,6.853711009025573730e-01,7.731302380561828613e-01,-6.819105148315429688e-01,-6.370636224746704102e-01,-6.553556919097900391e-01,2.339746057987213135e-01,-8.045232892036437988e-01
2.962666749954223633e-01,-4.151257574558258057e-01,9.949110448360443115e-02,5.247517228126525879e-01,6.128043532371520996e-01,-3.635192513465881348e-01,-9.004049897193908691e-01,-4.252852797508239746e-01,-3.516439199447631836e-01,-7.886163592338562012e-01
4.123985469341278076e-01,5.357800722122192383e-01,-6.783597469329833984e-01,-7.307413816452026367e-01,1.162766385823488235e-02,9.660504460334777832e-01,6.998559832572937012e-01,9.388849735260009766e-01,-4.383008182048797607e-01,6.186537146568298340e-01
9.124512076377868652e-01,2.578380107879638672e-01,-3.787449300289154053e-01,-3.763846158981323242e-01,-3.066701889038085938e-01,8.414618372917175293e-01,-5.023316144943237305e-01,8.826422095298767090e-01,3.641352057456970215e-01,-2.921568453311920166e-01
-8.696773648262023926e-01,-8.561860918998718262e-01,7.927906513214111328e-01,9.198403954505920410e-01,-9.110415577888488770e-01,-8.180115222930908203e-01,-7.694682478904724121e-01,-7.716493010520935059e-01,6.303590536117553711e-01,-8.997449278831481934e-01
3.566124737262725830e-01,4.501554667949676514e-01,8.513223379850387573e-02,-6.688492894172668457e-01,8.679464459419250488e-01,7.954493165016174316e-01,-7.888536453247070312e-01,8.134818077087402344e-01,-6.812168359756469727e-01,2.423746585845947266e-01
-3.957207202911376953e-01,9.055137634277343750e-01,-2.874552309513092041e-01,-8.856303095817565918e-01,9.448624253273010254e-01,2.817263603210449219e-01,7.482768893241882324e-01,7.839773893356323242e-01,-3.304924368858337402e-01,5.001892447471618652e-01
-7.999885082244873047e-01,3.101108372211456299e-01,3.098502755165100098e-01,8.382644504308700562e-02,6.362108588218688965e-01,-4.084151983261108398e-01,-1.293035037815570831e-02,1.684444546699523926e-01,3.998164236545562744e-01,-5.201652646064758301e-01
2.930854260921478271e-01,5.645259618759155273e-01,-1.610174924135208130e-01,-7.040309309959411621e-01,8.645794987678527832e-01,9.787080287933349609e-01,-5.962293148040771484e-01,9.371417760848999023e-01,-6.681137084960937500e-01,5.625143647193908691e-01
-9.100670218467712402e-01,5.904101729393005371e-01,-5.983477830886840820e-01,-6.355783939361572266e-01,9.971681833267211914e-01,3.515124022960662842e-01,9.033532738685607910e-01,3.483504652976989746e-01,1.252250820398330688e-01,-5.425851345062255859e-01
1.525685638189315796e-01,-1.514990180730819702e-01,2.092308700084686279e-01,1.391958445310592651e-01,-9.792566299438476562e-01,9.717012196779251099e-02,-1.601599343121051788e-02,1.144900918006896973e-01,-5.665267109870910645e-01,7.818238139152526855e-01
4.337135851383209229e-01,6.839140653610229492e-01,-4.725868701934814453e-01,-5.960925817489624023e-01,9.498378038406372070e-01,8.848876953125000000e-01,-3.763338550925254822e-02,6.357232928276062012e-01,-7.288724780082702637e-01,7.140820026397705078e-01
-9.094312787055969238e-01,7.468988299369812012e-01,-3.436007201671600342e-01,-2.208479195833206177e-01,6.406839489936828613e-01,4.904004558920860291e-02,8.111963272094726562e-01,2.336375415325164795e-01,-6.318683624267578125e-01,2.824849188327789307e-01
8.444856405258178711e-01,6.041353940963745117e-01,-8.891753554344177246e-01,5.576219558715820312e-01,4.675161838531494141e-01,-9.653297662734985352e-01,9.738501310348510742e-01,-9.638406038284301758e-01,8.688017725944519043e-01,5.366418361663818359e-01
6.052287220954895020e-01,7.731316685676574707e-01,-9.066311717033386230e-01,-2.853311598300933838e-01,-7.881141304969787598e-01,-7.655529379844665527e-01,9.882909655570983887e-01,-6.134806871414184570e-01,-5.335979461669921875e-01,8.229469060897827148e-01
7.234825491905212402e-01,6.677222847938537598e-01,-9.809378385543823242e-01,4.225075840950012207e-01,-6.815170049667358398e-01,6.240200996398925781e-01,9.596949219703674316e-01,-7.620382308959960938e-02,-1.240826770663261414e-02,8.528401851654052734e-01
-3.867908418178558350e-01,-8.980461359024047852e-01,9.053750634193420410e-01,7.675530314445495605e-01,8.797295689582824707e-01,4.324301332235336304e-02,-9.875307679176330566e-01,-3.837965726852416992e-01,8.971313238143920898e-01,-9.262611269950866699e-01
-5.933323502540588379e-01,5.889956951141357422e-01,-9.566743373870849609e-01,4.511159956455230713e-01,5.887310504913330078e-01,-7.416271567344665527e-01,9.746518135070800781e-01,-5.741084814071655273e-01,3.190707862377166748e-01,-6.671358942985534668e-01
8.823961019515991211e-01,7.558902502059936523e-01,-7.309244275093078613e-01,-7.353322505950927734e-01,9.266993403434753418e-01,3.634011447429656982e-01,7.243172526359558105e-01,3.068507611751556396e-01,1.693605631589889526e-01,6.429995298385620117e-01
7.133805751800537109e-01,-3.018937408924102783e-01,-8.193321824073791504e-01,3.332593739032745361e-01,-6.759093403816223145e-01,9.399106502532958984e-01,4.736492410302162170e-03,6.246008872985839844e-01,-9.025632590055465698e-02,2.921323478221893311e-01
-5.272485613822937012e-01,8.866459131240844727e-01,-2.393689453601837158e-01,-9.259668588638305664e-01,9.288415908813476562e-01,2.670432925224304199e-01,3.670914173126220703e-01,9.557384252548217773e-01,-4.886401593685150146e-01,-7.762149572372436523e-01
-7.915189266204833984e-01,-1.740842014551162720e-01,-4.527157247066497803e-01,4.544666409492492676e-01,6.864159107208251953e-01,-5.163763761520385742e-01,1.883039623498916626e-01,-6.045121550559997559e-01,6.148996576666831970e-02,-3.836638033390045166e-01
-9.162874817848205566e-01,-5.181478857994079590e-01,-1.046514362096786499e-01,1.550560146570205688e-01,8.327454328536987305e-01,9.791784882545471191e-01,-5.815814733505249023e-01,8.777874708175659180e-01,-2.391788065433502197e-01,-7.518068552017211914e-01
